player,MP,3PAr,FTr,TS%,ORB%,DRB%,AST%,STL%,BLK%,TOV%,USG%,OBPM,DBPM,WS/48,paint_rebounding,3catch_and_shoot,pullupshoot
Aaron Brooks,13.8,0.427,0.133,0.507,2.3,6.3,20.7,1.4,0.9,17.2,19.2,-2.1,-2.6,0.016,0.2145,0.09126,0.89775
Aaron Gordon,28.7,0.309,0.251,0.53,5.3,14.1,10.5,1.4,1.4,8.5,20.1,-0.2,-0.4,0.076,0.151018,0.1628,1.05141
Al Horford,32.3,0.302,0.169,0.553,4.9,18.6,24.4,1.2,3.3,11.9,19.8,1.0,2.1,0.137,0.159873,0.36456,0.38186
Al Jefferson,14.1,0.002,0.18,0.526,9.2,24.2,11.0,1.0,1.5,6.1,26.1,-1.5,-1.5,0.119,0.198531,0.0,0.21483
Al-Farouq Aminu,29.1,0.455,0.292,0.506,4.8,23.5,7.9,1.7,2.0,15.2,15.4,-2.3,1.2,0.051,0.172746,0.47952,0.20544
Alex Abrines,15.5,0.724,0.144,0.56,1.9,7.1,5.5,1.7,0.6,8.3,15.9,-0.3,-2.2,0.095,0.120083,0.81657,0.26424
Alex Len,20.3,0.026,0.449,0.553,10.6,25.3,4.2,1.1,5.1,15.5,17.6,-3.0,1.2,0.091,0.1795,0.0008,0.04066
Allen Crabbe,28.5,0.467,0.192,0.602,0.9,10.2,6.1,1.2,0.7,8.1,14.9,0.3,-1.4,0.088,0.072645,0.70146,0.81012
Amir Johnson,20.1,0.178,0.27,0.628,8.2,17.0,13.0,1.6,3.2,15.7,13.6,-0.2,2.4,0.149,0.250272,0.0456,0.065
Andre Drummond,29.7,0.008,0.39,0.518,15.1,36.3,5.9,2.6,3.1,12.5,22.4,-2.1,2.9,0.133,0.179424,6e-05,0.21465
Andre Iguodala,26.3,0.427,0.246,0.624,3.0,13.1,16.7,1.8,1.5,11.2,11.2,1.3,1.7,0.167,0.144606,0.27454,0.4532
Andre Roberson,30.1,0.397,0.24,0.51,4.6,14.2,4.6,1.9,2.7,9.1,10.1,-2.1,2.1,0.085,0.188168,0.20358,0.0325
Andrew Harrison,20.5,0.433,0.539,0.477,1.7,9.0,20.0,1.9,1.3,16.0,16.4,-2.4,0.0,0.051,0.044923,0.0854,0.59187
Andrew Wiggins,37.2,0.184,0.345,0.534,3.9,8.8,10.6,1.4,0.8,9.4,29.0,0.2,-2.9,0.066,0.283162,0.09856,3.12528
Anthony Davis,36.1,0.088,0.424,0.579,6.7,27.9,11.1,1.7,5.1,9.1,32.6,1.4,2.3,0.196,0.131208,0.04182,1.93536
Anthony Tolliver,22.7,0.655,0.234,0.595,4.0,14.5,7.7,1.1,1.2,12.6,13.6,0.2,-0.8,0.075,0.102808,0.87954,0.06292
Aron Baynes,15.5,0.0,0.337,0.57,10.0,21.6,3.9,0.7,2.8,13.5,14.1,-2.9,1.1,0.123,0.20358,0.0,0.0
Arron Afflalo,25.9,0.36,0.221,0.559,0.7,8.4,7.4,0.7,0.4,8.4,14.4,-1.4,-2.0,0.043,0.015873,0.2781,0.96558
Austin Rivers,27.8,0.409,0.261,0.545,1.1,7.5,15.0,1.2,0.4,12.4,20.3,-0.1,-1.5,0.059,0.060288,0.2261,1.28616
Avery Bradley,33.4,0.357,0.12,0.548,4.0,16.2,10.9,1.8,0.5,9.7,21.9,-0.2,-0.4,0.08,0.060016,0.3048,2.08184
Ben McLemore,19.3,0.406,0.222,0.538,1.9,10.8,6.9,1.2,0.5,11.9,20.1,-2.1,-2.7,0.015,0.091616,0.273,0.76995
Bismack Biyombo,22.1,0.0,0.69,0.546,9.3,25.6,6.0,0.7,4.1,17.7,13.2,-4.2,2.0,0.077,0.136496,0.0,0.024
Blake Griffin,34.0,0.116,0.434,0.569,6.1,20.2,24.5,1.4,0.9,10.9,28.0,3.2,1.3,0.179,0.133342,0.04784,1.1144
Bobby Portis,15.6,0.256,0.157,0.545,8.0,24.0,5.7,0.8,0.9,8.4,19.1,-1.6,-1.5,0.114,0.10547,0.1205,0.40626
Bojan Bogdanovic,25.7,0.464,0.288,0.585,1.9,12.3,8.7,0.8,0.3,12.0,22.4,-0.1,-2.8,0.067,0.061815,0.483,1.032
Boris Diaw,17.6,0.248,0.107,0.494,4.3,9.8,20.3,0.7,0.6,20.3,15.6,-2.7,-0.2,0.041,0.211024,0.05876,0.2665
Bradley Beal,34.9,0.418,0.259,0.604,2.2,7.8,16.2,1.5,0.7,9.6,26.5,4.5,-2.4,0.151,0.1665,0.5814,2.9692
Brandon Bass,11.1,0.016,0.473,0.65,8.6,16.2,5.7,1.2,1.6,11.4,19.7,0.1,-0.8,0.186,0.188928,0.00022,0.11649
Brandon Ingram,28.8,0.273,0.312,0.474,2.8,12.8,10.5,1.1,1.3,12.9,16.8,-3.1,-0.7,-0.007,0.092574,0.13511,1.01388
Brandon Jennings,22.2,0.471,0.284,0.479,1.8,10.1,30.4,1.9,0.2,17.5,17.6,-0.8,-2.2,0.046,0.0,0.07134,1.3294
Brandon Knight,21.1,0.265,0.293,0.502,2.3,9.1,17.8,1.1,0.4,13.1,25.0,-1.5,-3.0,0.013,0.115218,0.05586,1.83658
Brook Lopez,29.6,0.33,0.311,0.578,5.8,13.3,14.8,0.8,4.2,12.1,29.2,1.9,-0.4,0.105,0.318,0.46472,0.79968
Buddy Hield,23.0,0.493,0.099,0.54,2.0,13.5,10.3,1.0,0.4,11.2,21.4,-0.9,-1.9,0.032,0.04872,0.38308,1.6848
CJ McCollum,35.0,0.305,0.204,0.585,2.4,9.2,18.0,1.3,1.2,9.9,27.5,3.3,-2.2,0.131,0.195662,0.2618,4.4084
CJ Miles,23.4,0.632,0.144,0.592,1.9,12.4,4.1,1.3,1.2,5.5,18.4,1.5,-2.1,0.109,0.158167,1.15101,0.54102
CJ Watson,16.3,0.423,0.266,0.507,1.7,8.1,16.1,2.1,0.2,14.5,14.1,-2.5,-1.1,0.041,0.1,0.06384,0.855
Caris LeVert,21.7,0.484,0.245,0.556,2.0,13.9,13.7,1.9,0.5,12.3,16.6,-0.7,-0.4,0.07,0.02743,0.18942,1.03428
Carmelo Anthony,34.3,0.303,0.263,0.535,2.6,15.9,14.5,1.2,1.1,9.0,29.1,1.5,-2.2,0.089,0.109836,0.27636,3.97358
Channing Frye,18.9,0.644,0.142,0.612,3.0,19.3,4.9,1.2,2.1,8.8,19.3,0.8,-1.5,0.125,0.1088,1.08224,0.27816
Chris Paul,31.5,0.385,0.331,0.614,2.5,14.9,46.8,3.1,0.3,14.0,24.4,7.8,1.0,0.264,0.028557,0.04872,5.16594
Clint Capela,23.9,0.0,0.314,0.638,12.5,24.5,6.9,1.1,4.2,12.0,19.9,0.0,1.0,0.185,0.237996,0.0,0.02
Cody Zeller,27.8,0.002,0.442,0.604,8.6,17.3,9.1,1.8,3.0,10.9,15.5,-0.2,2.3,0.157,0.258852,0.0,0.11281
Corey Brewer,15.6,0.339,0.195,0.491,2.7,11.5,10.7,2.3,1.2,12.7,14.3,-2.9,0.2,0.045,0.03696,0.0936,0.1576
Cory Joseph,25.0,0.204,0.185,0.518,2.9,10.4,20.0,1.7,0.6,13.1,18.4,-0.4,-0.4,0.082,0.126984,0.08372,1.23778
Courtney Lee,31.9,0.382,0.139,0.559,2.3,9.1,10.6,1.6,0.8,8.5,14.4,0.5,-0.7,0.081,0.085228,0.40138,1.5504
Cristiano Felicio,15.8,0.0,0.419,0.601,12.8,19.5,5.7,1.2,1.2,11.2,12.4,-0.6,0.5,0.157,0.227129,0.0,0.06216
D'Angelo Russell,28.7,0.443,0.217,0.518,1.8,11.9,26.8,2.3,0.7,15.6,26.6,1.1,-1.6,0.034,0.037884,0.24973,2.82968
DJ Augustin,19.7,0.53,0.311,0.524,1.0,7.4,20.4,1.0,0.1,13.3,19.4,-0.9,-3.3,0.038,0.222,0.20659,1.20304
Damian Lillard,35.9,0.388,0.366,0.586,1.9,13.3,28.7,1.3,0.6,10.2,31.5,6.4,-2.0,0.184,0.090207,0.15481,4.12595
Danilo Gallinari,33.9,0.432,0.516,0.622,2.0,14.7,9.1,0.9,0.5,8.1,19.9,2.9,-2.1,0.154,0.088032,0.60144,1.16116
Danny Green,26.6,0.693,0.071,0.537,2.0,11.8,9.6,2.0,2.6,14.1,13.5,-0.3,2.7,0.09,0.081088,0.89832,0.55993
Dante Cunningham,25.0,0.504,0.075,0.586,3.6,14.2,3.1,1.2,1.4,7.0,10.7,-1.3,0.8,0.088,0.094535,0.51516,0.0384
Dante Exum,18.6,0.41,0.201,0.521,2.9,9.3,14.2,0.9,0.8,16.8,18.1,-2.0,-0.5,0.047,0.1785,0.2272,0.09744
Dario Saric,26.3,0.368,0.237,0.508,5.8,20.8,14.3,1.3,1.1,15.2,24.6,-2.0,-0.2,0.023,0.153768,0.36888,0.56055
Darren Collison,30.3,0.245,0.239,0.57,1.3,7.2,24.5,1.6,0.4,12.6,19.8,0.8,-2.3,0.091,0.10725,0.12798,2.09643
David Lee,18.7,0.0,0.269,0.613,11.6,21.9,13.0,1.1,2.2,14.9,16.9,0.7,2.5,0.186,0.218784,0.0,0.1274
David West,12.6,0.032,0.222,0.571,6.4,18.8,24.1,2.4,4.4,22.0,17.9,-1.7,3.9,0.148,0.214855,0.00112,0.07506
Davis Bertans,12.1,0.739,0.145,0.609,3.2,10.6,8.3,1.3,2.8,11.4,15.7,1.2,0.5,0.135,0.26775,0.6499,0.18759
DeAndre Jordan,31.7,0.003,0.737,0.673,13.3,34.6,5.7,1.0,4.3,13.2,15.3,1.0,3.0,0.22,0.18216,0.0,0.0
DeAndre Liggins,12.5,0.324,0.282,0.476,2.9,12.2,9.2,3.0,1.5,20.8,11.6,-3.9,1.8,0.031,0.064963,0.07514,0.07332
DeMar DeRozan,35.4,0.08,0.419,0.552,3.0,13.6,20.6,1.5,0.4,9.0,34.3,2.4,-1.5,0.166,0.18375,0.01683,4.69372
DeMarcus Cousins,34.2,0.254,0.468,0.562,7.1,29.2,25.8,2.0,3.3,13.5,36.5,3.9,2.6,0.149,0.11508,0.31977,1.03224
DeMarre Carroll,26.1,0.583,0.213,0.531,3.8,12.7,5.7,2.2,1.2,8.3,15.5,0.6,0.4,0.097,0.123888,0.71955,0.43576
Dennis Schroder,31.5,0.242,0.21,0.533,1.9,9.0,35.5,1.5,0.6,16.3,27.8,0.7,-1.4,0.071,0.131712,0.09375,2.12065
Denzel Valentine,17.1,0.722,0.063,0.492,1.2,15.6,9.3,1.5,0.6,14.2,15.4,-2.4,-0.4,0.031,0.040404,0.4896,0.63984
Deron Williams,25.9,0.39,0.182,0.541,0.9,9.4,35.9,1.0,0.4,17.6,22.1,0.2,-2.4,0.069,0.050505,0.20967,1.9521
Derrick Favors,23.7,0.024,0.261,0.512,9.2,20.2,7.9,2.0,2.7,11.4,20.7,-2.4,2.3,0.109,0.201664,0.00144,0.08018
Derrick Rose,32.5,0.061,0.259,0.53,3.4,9.3,22.8,1.1,0.7,11.9,25.7,0.2,-2.2,0.068,0.133878,0.0052,2.33387
Derrick Williams,16.1,0.398,0.365,0.537,2.6,15.1,5.1,0.9,0.7,9.0,17.2,-2.4,-1.8,0.064,0.0735,0.1768,0.3598
Devin Booker,35.0,0.283,0.308,0.531,1.8,8.3,16.3,1.3,0.6,12.9,28.6,0.4,-2.7,0.035,0.091875,0.21177,3.30416
Devin Harris,16.7,0.519,0.378,0.549,1.1,13.0,20.0,2.1,0.6,12.5,19.7,-0.1,-0.3,0.096,0.094,0.24771,0.52264
Dewayne Dedmon,17.5,0.0,0.359,0.645,11.2,30.5,4.8,1.4,3.7,16.9,12.3,-1.5,3.2,0.188,0.16272,0.0,0.01
Dirk Nowitzki,26.4,0.308,0.165,0.529,1.8,28.3,10.6,1.1,2.4,6.6,25.8,-1.6,0.3,0.084,0.111629,0.37944,1.19019
Domantas Sabonis,20.1,0.331,0.139,0.469,3.0,16.4,7.2,1.2,1.6,14.0,15.4,-4.7,-0.1,0.022,0.17479,0.19964,0.08227
Dorian Finney-Smith,20.3,0.574,0.183,0.486,3.7,12.3,6.0,1.6,1.4,11.1,11.6,-2.8,1.3,0.041,0.150024,0.36856,0.1124
Doug McDermott,22.8,0.416,0.169,0.554,1.4,11.5,5.9,0.4,0.3,6.6,16.4,-1.2,-2.3,0.083,0.093732,0.44352,0.79655
Draymond Green,32.5,0.405,0.328,0.522,4.6,20.9,27.6,3.0,3.4,19.8,16.2,0.4,5.0,0.16,0.141708,0.39795,0.0729
Dwight Howard,29.7,0.003,0.692,0.627,15.0,31.7,7.8,1.4,3.6,17.5,19.2,-0.5,2.8,0.181,0.16104,0.0,0.01332
Dwight Powell,17.3,0.196,0.374,0.588,7.7,19.5,6.1,2.4,2.6,7.2,16.7,-0.5,1.9,0.165,0.107616,0.0532,0.02672
Dwyane Wade,29.9,0.152,0.294,0.508,3.8,12.6,22.4,2.4,1.8,11.3,29.6,0.4,0.6,0.09,0.114162,0.01624,3.11649
E'Twaun Moore,24.9,0.336,0.12,0.537,1.9,6.9,13.8,1.3,1.4,8.7,17.4,-0.8,-0.5,0.07,0.216,0.2464,1.122
Elfrid Payton,29.4,0.16,0.231,0.52,3.9,13.8,35.7,1.8,1.3,15.0,21.6,0.7,0.2,0.088,0.11832,0.05304,0.94656
Emmanuel Mudiay,25.6,0.323,0.303,0.483,2.3,11.6,21.8,1.4,0.7,16.5,22.6,-2.0,-1.8,0.006,0.083895,0.1863,0.8064
Enes Kanter,21.3,0.052,0.387,0.599,14.1,20.8,7.9,1.0,2.0,12.5,27.3,0.6,-1.9,0.183,0.2494,0.00357,0.06912
Eric Bledsoe,33.0,0.3,0.443,0.563,2.5,13.8,31.1,2.0,1.2,15.3,28.1,3.7,-0.4,0.119,0.126,0.09198,2.77406
Eric Gordon,31.0,0.651,0.172,0.557,1.4,8.1,12.3,1.0,1.4,10.0,22.1,1.0,-2.4,0.079,0.10875,1.176,1.5264
Ersan Ilyasova,26.1,0.452,0.233,0.546,5.9,18.8,11.0,1.3,0.9,10.6,22.2,0.3,-0.8,0.091,0.135642,0.52244,0.69333
Evan Fournier,32.9,0.387,0.298,0.555,2.1,8.3,14.8,1.5,0.1,11.8,23.5,0.8,-2.2,0.059,0.182441,0.36314,1.52292
Evan Turner,25.5,0.214,0.187,0.491,2.4,14.2,18.4,1.6,1.2,14.3,18.5,-2.5,-0.1,0.035,0.075589,0.0703,1.5862
Frank Kaminsky,26.1,0.441,0.195,0.502,3.2,15.8,13.5,1.2,1.5,8.0,21.8,-0.8,-0.7,0.056,0.1526,0.63954,0.266
Garrett Temple,26.6,0.509,0.171,0.545,2.2,10.0,14.5,2.5,1.5,14.4,14.2,-0.3,0.6,0.062,0.2168,0.47824,0.66978
Gary Harris,31.3,0.4,0.21,0.611,3.0,8.0,13.6,1.9,0.3,9.8,18.4,3.1,-1.6,0.124,0.083104,0.561,0.68835
Gerald Henderson,23.2,0.313,0.298,0.529,2.2,10.0,10.5,1.2,0.7,9.0,17.9,-1.8,-1.2,0.059,0.228114,0.2067,0.97917
Giannis Antetokounmpo,35.6,0.143,0.486,0.599,5.9,22.6,26.6,2.3,4.7,13.3,28.3,4.1,3.5,0.21,0.1495,0.03154,1.3611
Glenn Robinson,20.7,0.37,0.225,0.564,4.5,14.6,4.7,1.4,1.2,9.1,12.8,-1.2,-0.2,0.085,0.073926,0.24288,0.3525
Goran Dragic,33.7,0.257,0.335,0.575,2.7,9.9,29.0,1.8,0.4,14.1,27.1,3.4,-0.7,0.147,0.071613,0.14725,2.63466
Gordon Hayward,34.5,0.324,0.371,0.595,2.3,15.4,18.2,1.5,0.6,9.4,27.6,4.2,0.0,0.199,0.045428,0.2838,2.7683
Gorgui Dieng,32.4,0.065,0.253,0.555,8.1,20.5,8.6,1.7,3.1,12.7,14.0,-0.5,2.2,0.103,0.138768,0.00954,0.28656
Greg Monroe,22.5,0.006,0.329,0.572,10.8,23.1,17.3,2.6,1.8,14.4,24.3,0.5,1.5,0.147,0.244648,0.0,0.03696
Harrison Barnes,35.5,0.173,0.22,0.541,3.7,13.2,7.8,1.2,0.5,6.8,25.3,-0.7,-1.2,0.079,0.12423,0.1224,2.45952
Hassan Whiteside,32.6,0.0,0.368,0.579,12.8,35.3,3.8,1.1,5.0,12.0,22.7,-2.0,1.5,0.181,0.168432,0.0,0.2478
Ian Clark,14.8,0.376,0.134,0.575,2.3,9.1,11.2,1.7,0.6,10.7,19.5,-0.6,-1.4,0.099,0.0168,0.19244,0.73515
Iman Shumpert,25.5,0.534,0.184,0.536,2.3,9.9,7.8,1.6,1.1,12.9,13.9,-1.3,0.0,0.05,0.063936,0.43362,1.09151
Isaiah Thomas,33.8,0.439,0.441,0.625,1.9,7.0,32.6,1.4,0.4,10.7,34.0,8.8,-3.3,0.235,0.230622,0.27594,3.73592
Isaiah Whitehead,22.5,0.293,0.222,0.487,2.1,9.7,17.7,1.2,1.7,20.3,18.2,-4.3,-0.6,-0.023,0.167076,0.06636,0.5684
Ish Smith,24.1,0.14,0.136,0.477,1.1,12.4,32.5,1.6,1.4,12.4,20.5,-1.2,0.4,0.076,0.062624,0.02236,1.72628
JJ Redick,28.2,0.526,0.227,0.599,0.6,7.9,7.8,1.3,0.5,9.1,21.9,2.0,-2.0,0.105,0.028952,0.72384,2.11432
JaMychal Green,27.3,0.29,0.334,0.601,8.8,21.1,6.3,1.1,1.5,14.1,14.4,-0.4,1.0,0.131,0.1649,0.1897,0.11025
Jabari Parker,33.9,0.219,0.268,0.563,5.4,15.7,14.3,1.5,1.1,9.2,26.5,1.5,-1.3,0.113,0.175428,0.2079,1.10838
Jae Crowder,32.4,0.547,0.301,0.613,2.3,17.3,10.1,1.5,0.8,8.8,17.0,1.4,0.1,0.137,0.069,0.76208,1.04204
Jahlil Okafor,22.7,0.0,0.335,0.546,7.9,15.5,9.0,0.9,3.4,14.4,24.1,-3.4,0.1,0.05,0.229518,0.0,0.48
Jakob Poeltl,11.6,0.0,0.496,0.589,14.1,15.7,2.7,1.4,2.8,17.2,12.1,-1.2,0.5,0.125,0.339048,0.0,0.0
Jamal Crawford,26.3,0.371,0.234,0.526,0.9,5.7,15.1,1.4,0.5,12.3,22.7,-1.0,-2.1,0.042,0.09,0.12127,2.9735
Jamal Murray,21.5,0.471,0.164,0.518,2.6,10.7,14.0,1.4,1.1,12.6,21.6,-0.5,-2.1,0.037,0.115401,0.27265,1.34064
Jameer Nelson,27.3,0.452,0.104,0.544,1.5,8.8,26.0,1.3,0.3,17.0,15.8,0.3,-2.3,0.065,0.03,0.2074,1.5336
James Ennis,23.5,0.427,0.343,0.581,5.1,14.9,6.5,1.6,1.2,13.8,13.0,-1.0,1.0,0.101,0.132104,0.23651,0.27522
James Harden,36.4,0.493,0.575,0.613,3.5,20.9,50.7,2.0,1.0,19.5,34.2,8.7,1.5,0.245,0.056221,0.11284,4.4838
James Johnson,27.4,0.333,0.28,0.564,3.5,16.6,20.9,1.8,3.2,16.5,22.0,0.5,2.2,0.117,0.106128,0.25542,0.75819
Jared Dudley,21.3,0.587,0.188,0.579,2.4,15.9,12.5,1.5,0.9,16.1,13.7,-0.1,-0.1,0.065,0.161022,0.62049,0.36225
Jason Smith,14.4,0.237,0.155,0.598,6.8,20.4,5.0,1.0,4.3,14.2,16.7,-2.0,0.6,0.103,0.198795,0.11515,0.08672
Jason Terry,18.4,0.704,0.119,0.6,1.3,7.7,9.9,1.7,1.3,12.3,9.8,-0.5,-0.6,0.075,0.0284,0.52374,0.28304
Jaylen Brown,17.2,0.319,0.293,0.539,3.8,14.4,7.2,1.3,1.1,12.5,18.1,-3.1,-0.9,0.053,0.1075,0.14958,0.288
Jeff Green,22.2,0.346,0.301,0.505,2.7,12.8,8.1,1.2,0.7,10.6,20.3,-2.8,-1.8,0.022,0.129514,0.16592,0.7524
Jeff Teague,32.4,0.277,0.457,0.574,1.4,12.4,36.4,1.9,1.1,16.5,22.1,2.4,-0.6,0.146,0.051282,0.07074,1.71482
Jerami Grant,19.1,0.354,0.448,0.556,2.7,12.2,4.2,1.1,4.1,10.1,12.1,-3.0,0.9,0.091,0.145314,0.18144,0.05032
Jeremy Lamb,18.4,0.297,0.263,0.55,2.9,22.7,11.3,1.2,1.8,6.8,23.2,-0.8,-0.8,0.115,0.061744,0.08695,1.05616
Jerian Grant,16.3,0.445,0.243,0.555,1.8,9.9,17.3,2.3,0.6,11.7,16.0,0.0,-0.3,0.118,0.026026,0.16848,0.84096
Jimmy Butler,37.0,0.198,0.54,0.586,4.9,13.2,24.8,2.6,0.9,9.3,26.5,5.8,1.1,0.236,0.131706,0.0549,3.00172
Joe Harris,21.9,0.61,0.135,0.558,1.5,12.0,7.3,1.2,0.5,12.5,16.5,-1.4,-1.5,0.032,0.072048,0.64771,0.5508
Joe Ingles,24.0,0.619,0.151,0.604,1.4,13.5,17.1,2.6,0.3,18.2,13.9,0.9,1.8,0.122,0.01957,0.49952,0.6645
Joe Johnson,23.6,0.412,0.123,0.542,2.1,12.7,12.6,1.0,0.8,9.5,18.5,-0.1,-0.1,0.099,0.101232,0.3456,1.35135
Joffrey Lauvergne,14.0,0.292,0.217,0.509,8.0,20.1,10.8,1.3,0.5,13.2,18.5,-2.3,-0.9,0.075,0.15326,0.13536,0.02912
John Henson,19.4,0.003,0.346,0.55,9.6,20.8,7.7,1.3,6.1,13.0,16.6,-2.6,2.5,0.115,0.2568,0.0,0.0175
John Wall,36.4,0.19,0.367,0.541,2.3,10.6,46.9,2.7,1.4,16.2,30.6,3.8,0.2,0.148,0.129564,0.0522,3.32896
Jon Leuer,25.9,0.259,0.175,0.551,5.5,17.5,8.6,0.8,1.1,8.7,17.3,-0.4,0.5,0.112,0.109068,0.1664,0.49368
Jonas Jerebko,15.8,0.496,0.141,0.537,5.5,19.1,8.1,1.0,1.1,12.3,11.4,-2.4,0.3,0.081,0.102284,0.27202,0.11583
Jonas Valanciunas,25.8,0.003,0.309,0.601,12.4,29.1,4.4,0.9,2.6,11.7,19.5,-0.5,-0.1,0.183,0.2009,1e-05,0.09064
Jonathon Simmons,17.8,0.242,0.314,0.504,1.7,11.1,13.2,1.7,1.5,13.7,18.0,-2.8,0.9,0.068,0.1628,0.06176,0.55728
Jordan Clarkson,29.2,0.332,0.157,0.526,2.2,9.3,14.4,1.8,0.3,12.5,23.3,-0.5,-2.3,0.024,0.133525,0.15372,2.01958
Josh Richardson,30.5,0.442,0.15,0.493,2.4,9.2,12.7,1.9,1.9,10.6,16.8,-1.0,1.1,0.066,0.166463,0.48125,1.21672
Jrue Holiday,32.7,0.314,0.188,0.532,2.2,10.6,35.9,2.2,1.6,16.7,23.5,1.2,0.5,0.084,0.131535,0.03204,2.84076
Juan Hernangomez,13.6,0.504,0.339,0.592,5.7,18.7,4.7,1.7,1.1,10.7,14.6,-0.1,-1.2,0.103,0.128,0.345,0.01617
Julius Randle,28.8,0.082,0.365,0.543,7.5,25.8,19.3,1.1,1.4,16.2,21.4,-0.7,0.7,0.08,0.141317,0.0154,0.4537
Justin Anderson,16.4,0.442,0.294,0.537,6.2,16.9,8.8,1.7,1.6,11.7,20.9,-1.2,-0.3,0.074,0.095887,0.23335,0.26918
Justin Hamilton,18.4,0.478,0.137,0.55,6.5,17.0,7.3,1.2,2.8,9.7,16.2,-0.9,0.2,0.084,0.193856,0.41118,0.07854
Justin Holiday,20.0,0.507,0.149,0.549,1.8,13.1,9.2,2.0,1.5,10.3,16.9,-0.3,-0.8,0.073,0.108225,0.48018,0.64525
Jusuf Nurkic,21.4,0.002,0.393,0.528,12.3,24.8,13.9,1.8,4.2,18.6,23.9,-2.3,2.2,0.068,0.220988,0.0,0.04641
Karl-Anthony Towns,37.0,0.186,0.289,0.618,11.2,27.8,13.2,1.0,2.9,11.3,27.5,4.8,0.3,0.201,0.182516,0.1914,0.44958
Kawhi Leonard,33.4,0.294,0.407,0.611,3.7,15.7,18.9,2.7,1.8,9.1,31.1,6.4,1.5,0.264,0.157899,0.2466,3.6577
Kelly Olynyk,20.5,0.378,0.242,0.603,5.3,20.7,15.2,1.4,1.5,14.6,19.0,0.1,0.5,0.127,0.080496,0.29319,0.29853
Kelly Oubre,20.3,0.425,0.224,0.516,4.3,13.9,4.0,1.8,0.9,9.2,14.5,-1.8,-0.5,0.062,0.105835,0.22875,0.31008
Kemba Walker,34.7,0.415,0.248,0.569,1.8,10.6,29.1,1.6,0.7,9.5,29.2,5.3,-1.7,0.142,0.077562,0.20216,4.1499
Kenneth Faried,21.2,0.014,0.454,0.588,15.7,23.6,6.3,1.6,2.4,10.4,18.3,0.9,-0.1,0.169,0.2247,0.0,0.0675
Kent Bazemore,26.9,0.369,0.233,0.504,2.6,10.3,14.2,2.3,2.3,13.6,20.5,-2.0,1.2,0.053,0.07536,0.25935,1.34976
Kentavious Caldwell-Pope,33.3,0.471,0.199,0.519,2.3,8.7,11.2,1.8,0.4,7.9,19.2,0.9,0.0,0.086,0.114688,0.41208,2.1648
Kevin Durant,33.4,0.304,0.374,0.651,2.2,23.6,23.1,1.5,3.8,10.4,27.8,5.4,2.6,0.277,0.083767,0.30576,2.16
Kevin Love,31.4,0.449,0.34,0.573,8.9,29.3,9.8,1.4,0.9,10.9,26.4,1.7,-0.9,0.163,0.109906,0.9315,0.4917
Klay Thompson,34.0,0.47,0.158,0.592,2.2,9.2,9.3,1.2,1.2,8.0,26.1,2.4,-2.1,0.128,0.102708,1.27078,1.73055
Kosta Koufos,20.0,0.003,0.158,0.56,9.7,22.9,5.3,1.3,3.1,12.7,15.3,-2.6,0.7,0.089,0.137904,0.0,0.0693
Kris Dunn,17.1,0.233,0.188,0.432,2.1,12.6,19.4,3.0,2.3,20.8,14.2,-3.7,1.5,0.004,0.122728,0.02873,0.59778
Kris Humphries,12.3,0.252,0.383,0.514,9.7,23.0,6.4,1.1,2.6,10.1,17.6,-3.0,0.3,0.115,0.138672,0.07616,0.08757
Kristaps Porzingis,32.8,0.319,0.256,0.546,5.5,18.2,7.3,1.1,4.9,9.7,24.3,0.2,0.0,0.1,0.206,0.47173,1.38838
Kyle Anderson,14.2,0.191,0.273,0.525,3.7,19.0,12.4,2.5,2.1,14.3,12.1,-2.1,3.7,0.127,0.103356,0.0368,0.1125
Kyle Korver,26.2,0.697,0.082,0.635,0.5,11.0,9.4,1.0,1.0,11.5,15.2,0.8,-1.0,0.101,0.120512,1.07115,1.0925
Kyle Lowry,37.4,0.51,0.398,0.623,2.4,12.1,29.9,2.0,0.7,13.8,24.9,7.1,-0.4,0.216,0.10229,0.2772,3.68368
Kyle O'Quinn,15.6,0.041,0.201,0.552,13.7,24.8,14.8,1.5,6.9,14.5,18.5,-0.1,3.7,0.151,0.20713,0.00081,0.0875
Kyrie Irving,35.1,0.311,0.231,0.58,2.3,7.5,29.7,1.6,0.8,10.3,30.8,4.8,-2.3,0.17,0.202,0.12987,4.43718
LaMarcus Aldridge,32.4,0.053,0.258,0.532,8.6,16.6,9.9,1.0,3.1,7.7,24.5,-0.3,1.4,0.149,0.215118,0.0144,1.07868
Langston Galloway,20.2,0.565,0.117,0.51,1.9,9.3,9.4,1.5,0.3,7.4,18.4,-0.9,-1.7,0.041,0.052614,0.69825,0.77504
Larry Nance,22.9,0.1,0.222,0.567,8.8,19.6,9.7,2.8,2.3,12.4,13.4,-0.3,2.3,0.118,0.154224,0.01504,0.0625
Lavoy Allen,14.3,0.006,0.196,0.485,13.7,14.6,9.1,1.0,2.4,13.7,10.9,-1.5,1.3,0.093,0.2832,0.0,0.0333
LeBron James,37.8,0.254,0.395,0.619,4.0,20.7,41.3,1.6,1.3,16.1,30.0,6.8,1.6,0.221,0.093612,0.0572,2.52357
Leandro Barbosa,14.4,0.25,0.115,0.509,1.6,10.3,13.0,1.5,0.7,10.4,20.0,-2.0,-2.1,0.031,0.030602,0.0722,0.816
Lou Williams,24.6,0.447,0.458,0.593,1.4,9.9,19.9,1.9,0.8,11.8,29.1,3.7,-3.0,0.147,0.084056,0.18109,2.3511
Luc Mbah a Moute,22.3,0.291,0.23,0.581,3.0,7.7,3.1,2.3,1.6,10.1,11.6,-0.8,1.5,0.084,0.188145,0.13083,0.2173
Lucas Nogueira,19.1,0.077,0.429,0.682,8.5,16.7,5.4,2.4,7.2,19.9,9.5,-0.1,5.6,0.164,0.208302,0.0033,0.0
Luke Babbitt,15.7,0.747,0.053,0.563,1.3,13.5,4.8,1.0,0.8,8.0,13.0,-1.0,-0.8,0.082,0.070516,0.83062,0.34
Luol Deng,26.5,0.389,0.149,0.47,4.5,17.7,7.0,1.6,1.1,8.7,14.2,-2.3,-0.2,0.029,0.152944,0.21973,0.60802
Malcolm Brogdon,26.4,0.304,0.198,0.555,2.8,9.6,24.3,2.2,0.5,14.1,18.5,0.6,-1.1,0.1,0.172827,0.18306,0.91574
Malcolm Delaney,17.1,0.284,0.24,0.456,1.0,9.8,23.1,1.5,0.1,18.1,18.3,-4.6,-1.2,0.005,0.09317,0.05304,1.275
Manu Ginobili,18.7,0.517,0.244,0.532,2.5,11.1,20.8,3.2,1.0,16.5,20.4,0.5,1.4,0.11,0.065494,0.34689,0.72912
Marc Gasol,34.2,0.231,0.286,0.554,2.6,18.7,24.8,1.4,3.7,11.3,26.4,2.1,2.2,0.145,0.165048,0.28944,0.98735
Marcin Gortat,31.2,0.003,0.236,0.593,10.6,26.8,6.8,0.8,2.1,13.7,14.7,-0.9,1.2,0.128,0.15912,0.0,0.13416
Marco Belinelli,24.0,0.46,0.273,0.566,0.9,10.2,13.1,1.2,0.4,9.2,19.2,0.1,-2.0,0.088,0.02775,0.28704,1.29168
Marcus Morris,32.5,0.355,0.184,0.508,3.2,12.8,9.4,1.0,0.8,7.4,20.3,-0.3,-0.2,0.072,0.163053,0.3483,2.3427
Marcus Smart,30.4,0.443,0.334,0.486,3.7,10.5,22.0,2.6,1.2,15.6,18.8,-1.1,0.9,0.064,0.229768,0.32204,0.8027
Mario Hezonja,14.8,0.436,0.152,0.45,2.2,14.7,9.6,1.5,1.2,14.1,18.8,-4.8,-1.0,-0.034,0.098098,0.20292,0.41625
Markieff Morris,31.2,0.22,0.242,0.54,5.1,18.2,7.8,1.7,1.5,11.6,20.5,-1.3,0.2,0.083,0.157825,0.18128,0.816
Marquese Chriss,21.3,0.354,0.286,0.529,5.8,16.1,5.2,1.8,3.2,13.2,19.7,-1.6,0.0,0.05,0.134912,0.28476,0.05709
Marreese Speights,15.7,0.505,0.25,0.584,7.9,24.1,8.1,0.9,2.6,10.2,23.6,1.5,-0.8,0.156,0.190762,0.58806,0.23922
Marvin Williams,30.2,0.503,0.213,0.551,4.2,19.7,7.1,1.3,2.0,7.2,16.3,-0.3,0.5,0.105,0.0756,0.76788,0.27778
Mason Plumlee,26.5,0.01,0.482,0.558,8.8,22.5,19.8,1.6,3.4,15.2,18.1,0.0,2.6,0.134,0.172584,0.0,0.23572
Matt Barnes,24.0,0.556,0.188,0.514,4.6,19.9,15.6,1.3,1.3,17.3,15.6,-1.2,0.6,0.053,0.088788,0.47571,0.2422
Matthew Dellavedova,26.1,0.403,0.18,0.501,1.4,7.1,25.7,1.4,0.0,18.8,16.3,-1.9,-2.8,0.029,0.231,0.23244,0.95493
Maurice Harkless,28.9,0.311,0.199,0.57,6.2,10.8,6.0,1.9,2.5,11.1,15.1,0.0,0.8,0.092,0.32334,0.2596,0.10296
Meyers Leonard,16.5,0.563,0.106,0.507,2.4,19.0,8.4,0.5,1.8,8.1,15.5,-2.1,-1.3,0.053,0.110568,0.44055,0.27084
Michael Beasley,16.7,0.106,0.259,0.584,5.0,18.9,9.9,1.5,2.5,12.7,25.3,-1.7,-1.1,0.093,0.16827,0.0285,0.7599
Michael Kidd-Gilchrist,29.0,0.015,0.314,0.528,7.3,19.3,7.4,1.7,2.9,7.4,14.6,-2.0,2.2,0.119,0.140266,0.00011,0.87688
Mike Conley,33.2,0.415,0.365,0.604,1.5,10.8,34.5,2.1,0.8,11.8,26.3,6.5,-0.7,0.209,0.061,0.17056,3.58912
Mike Dunleavy,15.9,0.609,0.205,0.573,2.4,12.4,8.6,0.9,0.7,10.5,14.0,-1.0,-1.2,0.086,0.09438,0.45746,0.30212
Mike Muscala,17.7,0.326,0.19,0.596,6.9,14.4,11.9,1.2,2.8,13.1,14.8,-0.4,1.5,0.132,0.214455,0.2048,0.06574
Mindaugas Kuzminskas,14.9,0.455,0.184,0.533,5.0,8.4,10.3,1.4,0.9,11.3,19.2,-0.2,-2.5,0.055,0.33625,0.25674,0.20776
Mirza Teletovic,16.2,0.73,0.108,0.515,1.1,15.4,6.4,0.5,1.0,7.8,19.1,-1.5,-3.4,0.025,0.072325,0.89624,0.39858
Monta Ellis,27.0,0.242,0.23,0.514,1.1,10.3,17.2,2.0,1.2,18.0,16.8,-2.5,0.2,0.026,0.063492,0.10045,0.93835
Montrezl Harrell,18.3,0.02,0.351,0.662,8.3,14.2,9.6,0.9,3.2,9.9,17.6,0.8,0.2,0.183,0.278568,0.0,0.0935
Myles Turner,31.4,0.132,0.349,0.585,6.2,19.5,6.6,1.5,6.0,9.5,19.5,-0.3,2.7,0.151,0.215952,0.0558,0.27584
Nemanja Bjelica,18.3,0.497,0.171,0.526,5.5,18.6,9.6,1.7,1.4,13.4,16.4,-0.7,-0.4,0.059,0.212271,0.3512,0.1216
Nene,17.9,0.023,0.496,0.63,8.6,16.9,8.6,2.2,2.7,13.1,19.7,-0.4,0.9,0.165,0.197091,0.00054,0.1425
Nerlens Noel,20.5,0.003,0.359,0.622,9.8,22.3,8.1,3.1,4.1,12.5,17.6,-0.5,3.8,0.182,0.188616,0.0,0.05775
Nick Young,25.9,0.665,0.142,0.588,1.7,8.2,5.8,1.2,0.7,5.1,19.5,2.6,-3.4,0.098,0.17097,0.9555,2.0081
Nicolas Batum,34.0,0.415,0.291,0.529,1.9,18.4,27.6,1.6,1.0,15.0,22.3,0.6,0.6,0.083,0.058339,0.4216,2.15366
Nik Stauskas,27.4,0.566,0.237,0.54,1.1,10.3,12.9,1.0,1.2,15.5,16.4,-1.7,-0.7,0.031,0.065601,0.4048,1.056
Nikola Jokic,27.9,0.163,0.267,0.64,11.6,27.2,28.8,1.5,2.1,15.2,23.5,6.2,2.2,0.229,0.152796,0.06784,0.17901
Nikola Mirotic,24.0,0.603,0.205,0.546,3.9,20.9,6.9,1.6,2.7,10.4,19.8,0.0,0.5,0.108,0.112081,0.856,0.60116
Nikola Vucevic,28.8,0.073,0.155,0.498,8.6,31.2,16.9,1.8,2.8,9.6,24.8,-1.3,2.4,0.088,0.143671,0.02059,0.52773
Noah Vonleh,17.1,0.074,0.348,0.525,11.4,22.5,3.4,1.2,1.7,17.1,13.1,-3.5,-0.3,0.069,0.232,0.00472,0.04672
Norman Powell,18.0,0.342,0.314,0.552,2.2,11.7,9.3,1.9,0.9,10.8,21.1,-0.4,-1.2,0.097,0.073006,0.1885,0.43844
Otto Porter,32.6,0.425,0.148,0.628,5.1,17.1,6.7,2.2,1.3,4.8,15.1,3.0,0.9,0.173,0.1089,0.71556,0.8064
PJ Tucker,27.6,0.407,0.193,0.516,5.6,17.8,6.0,2.5,0.7,11.2,11.2,-0.7,1.6,0.078,0.132,0.30586,0.24766
Pascal Siakam,15.6,0.034,0.156,0.523,8.4,15.9,2.9,1.5,4.5,13.1,13.1,-3.0,1.8,0.089,0.1665,0.0007,0.07326
Patrick Beverley,30.7,0.53,0.175,0.546,5.0,15.9,18.8,2.3,1.0,14.6,14.1,0.8,1.5,0.124,0.097236,0.47864,0.68068
Patrick McCaw,15.1,0.502,0.151,0.54,2.4,7.6,9.0,1.4,1.1,12.1,11.9,-1.6,-0.1,0.077,0.216931,0.20064,0.20628
Patrick Patterson,24.6,0.659,0.156,0.542,4.4,16.2,6.6,1.3,1.2,8.5,12.5,0.5,0.4,0.1,0.161838,0.87906,0.1292
Patty Mills,21.9,0.572,0.129,0.577,1.6,7.4,24.3,1.9,0.1,13.3,19.5,2.5,-1.2,0.139,0.077,0.42804,1.67166
Pau Gasol,25.4,0.172,0.305,0.578,7.6,26.8,14.7,0.8,3.5,10.6,21.3,0.9,2.8,0.189,0.128443,0.15308,0.23798
Paul George,35.9,0.368,0.277,0.586,2.5,17.9,16.1,2.2,0.9,12.6,28.9,3.1,-0.3,0.127,0.047064,0.5481,3.37722
Paul Millsap,34.0,0.248,0.417,0.542,5.3,19.5,17.9,1.9,2.3,12.1,24.4,0.5,2.1,0.132,0.136206,0.21631,1.2467
Rajon Rondo,26.7,0.237,0.089,0.461,4.2,16.6,37.0,2.7,0.5,22.4,17.8,-1.3,1.6,0.061,0.024192,0.11656,0.61655
Ramon Sessions,16.2,0.236,0.449,0.495,1.5,8.5,24.2,1.6,0.3,12.7,20.1,-2.4,-2.3,0.054,0.05,0.0525,0.5808
Randy Foye,18.6,0.625,0.194,0.506,0.8,11.9,15.2,1.3,0.5,18.5,14.4,-3.0,-1.0,0.006,0.03002,0.27738,0.53704
Raymond Felton,21.3,0.28,0.125,0.496,2.2,11.8,16.3,2.0,1.1,13.3,16.5,-1.8,0.9,0.055,0.14245,0.06232,0.99974
Reggie Jackson,27.4,0.272,0.201,0.51,1.6,7.3,30.3,1.2,0.3,13.4,26.4,0.6,-2.1,0.065,0.0555,0.0644,2.87453
Richard Jefferson,20.4,0.542,0.315,0.574,2.0,11.5,6.6,0.8,0.5,11.8,12.2,-1.3,-1.0,0.063,0.101132,0.3585,0.11421
Richaun Holmes,20.9,0.187,0.25,0.611,8.7,20.1,8.3,1.7,3.7,10.7,18.6,0.2,1.5,0.151,0.217756,0.08601,0.01743
Ricky Rubio,32.9,0.302,0.438,0.539,3.2,11.4,38.9,2.6,0.3,20.1,17.4,1.7,-1.0,0.119,0.130869,0.1836,1.60816
Robert Covington,31.6,0.563,0.238,0.534,4.8,17.9,7.5,2.9,2.6,13.9,19.2,-0.7,2.0,0.071,0.145521,0.9472,0.41735
Robin Lopez,28.0,0.003,0.134,0.511,11.4,13.2,5.6,0.4,4.1,9.9,17.5,-1.9,1.0,0.09,0.385904,0.0,0.19651
Rodney Hood,27.0,0.461,0.173,0.522,1.2,13.1,10.1,1.3,0.6,8.3,22.9,-0.3,-0.9,0.078,0.0762,0.40866,1.90532
Rodney McGruder,25.2,0.478,0.154,0.506,5.3,9.2,8.8,1.2,0.7,10.2,12.3,-0.8,0.5,0.072,0.190092,0.3915,0.19856
Ron Baker,16.5,0.396,0.198,0.456,1.5,10.8,17.3,2.0,0.8,19.2,14.8,-3.5,-0.9,-0.008,0.137094,0.10032,0.404
Rondae Hollis-Jefferson,22.6,0.124,0.467,0.517,5.8,21.1,13.4,2.2,1.9,15.1,18.7,-2.9,1.9,0.07,0.121326,0.01648,0.37692
Rudy Gobert,33.9,0.002,0.763,0.682,13.6,29.5,5.7,0.9,6.4,15.1,16.7,1.4,4.5,0.25,0.156176,0.0,0.0
Russell Westbrook,34.6,0.3,0.433,0.554,5.4,28.8,57.3,2.3,0.9,15.9,41.7,10.9,4.7,0.224,0.062524,0.05005,5.4366
Ryan Anderson,29.4,0.655,0.194,0.583,5.8,11.2,4.7,0.7,0.5,6.2,17.9,1.8,-2.6,0.118,0.274364,1.29276,1.04902
Salah Mejri,12.4,0.022,0.445,0.65,11.9,28.4,2.4,1.8,6.1,19.6,10.6,-3.6,3.8,0.159,0.202191,0.00022,0.02668
Sam Dekker,18.4,0.436,0.159,0.549,7.2,14.6,7.7,1.3,1.2,8.2,14.9,-0.4,-0.6,0.105,0.15707,0.2702,0.17052
Sean Kilpatrick,25.1,0.419,0.329,0.546,1.3,15.4,14.6,1.2,0.3,13.9,23.9,-1.2,-1.8,0.039,0.026999,0.29664,1.26283
Semaj Christon,15.2,0.283,0.139,0.387,2.2,7.9,18.1,1.4,0.5,15.4,12.2,-5.0,-1.3,0.006,0.143,0.03392,0.39
Serge Ibaka,30.7,0.323,0.127,0.566,5.7,19.0,5.2,0.8,4.2,9.2,20.9,-0.5,0.1,0.101,0.148005,0.4768,0.65987
Sergio Rodriguez,22.3,0.47,0.05,0.484,1.5,9.9,35.4,1.5,0.2,18.9,19.3,-1.6,-2.4,0.022,0.143,0.09912,1.94866
Seth Curry,29.0,0.458,0.142,0.601,1.4,9.2,15.9,2.0,0.3,11.0,19.5,1.8,-0.4,0.109,0.025,0.3825,2.19834
Shabazz Muhammad,19.4,0.244,0.318,0.566,6.4,10.6,3.7,0.7,0.3,7.6,21.5,-0.2,-4.3,0.086,0.282855,0.13456,0.3649
Shaun Livingston,17.7,0.009,0.19,0.568,2.4,9.4,13.5,1.4,1.2,15.1,12.9,-2.5,0.5,0.094,0.1576,6e-05,1.0509
Shelvin Mack,21.9,0.315,0.202,0.518,2.0,10.1,20.4,1.8,0.2,17.8,19.6,-1.7,-0.1,0.054,0.039294,0.06498,1.11144
Solomon Hill,29.7,0.566,0.268,0.528,2.3,11.4,8.1,1.5,1.1,13.3,11.5,-1.8,1.5,0.055,0.127455,0.555,0.18841
Spencer Dinwiddie,22.6,0.334,0.526,0.581,2.2,10.7,20.3,1.6,1.3,15.1,14.1,-0.7,-0.2,0.101,0.033616,0.04123,0.9492
Spencer Hawes,14.8,0.292,0.188,0.562,5.3,21.5,16.5,0.9,3.3,14.0,19.8,-1.2,0.8,0.102,0.140154,0.11924,0.2212
Stanley Johnson,17.8,0.422,0.145,0.436,2.8,12.7,10.5,2.1,1.5,15.5,14.8,-3.8,1.8,0.012,0.102512,0.17646,0.60342
Stephen Curry,33.4,0.547,0.251,0.624,2.7,11.4,31.1,2.6,0.5,13.0,30.1,7.7,-0.4,0.229,0.127491,0.52961,3.99234
Steven Adams,29.9,0.002,0.392,0.589,13.0,15.5,5.4,1.8,2.6,16.0,16.2,-0.7,1.2,0.13,0.328994,0.0,0.01232
TJ McConnell,26.3,0.107,0.176,0.504,2.0,11.0,37.5,3.1,0.4,22.4,14.4,-2.0,0.1,0.084,0.0976,0.0072,0.79152
TJ Warren,31.0,0.12,0.189,0.539,6.5,11.7,5.8,1.8,1.5,6.1,19.2,0.2,-0.5,0.096,0.2975,0.03502,1.50902
Taj Gibson,25.5,0.018,0.223,0.543,8.6,18.0,5.9,1.1,2.6,11.9,19.3,-2.4,0.3,0.098,0.231336,0.00072,0.09065
Tarik Black,16.3,0.007,0.371,0.56,13.8,20.7,5.3,1.3,3.3,14.5,15.7,-1.8,0.2,0.105,0.264132,0.0,0.0375
Taurean Prince,16.6,0.358,0.33,0.513,2.8,14.6,8.4,2.2,2.4,15.7,17.2,-3.8,1.5,0.054,0.108747,0.14504,0.26973
Terrence Jones,23.5,0.153,0.346,0.516,5.4,20.2,7.3,1.5,3.5,7.8,21.4,-2.7,1.3,0.087,0.160952,0.0372,0.1841
Terrence Ross,25.1,0.524,0.103,0.55,1.0,10.9,7.1,2.3,1.4,8.0,19.3,0.4,-0.6,0.086,0.102712,0.57368,1.62288
Terry Rozier,17.1,0.436,0.161,0.466,3.6,16.3,15.2,1.8,0.7,9.7,17.1,-2.5,0.0,0.053,0.103275,0.17346,0.62656
Thabo Sefolosha,25.7,0.304,0.19,0.519,3.8,14.7,9.9,3.0,1.7,11.9,13.3,-1.9,3.1,0.098,0.09216,0.1638,0.323
Thaddeus Young,30.2,0.172,0.125,0.562,6.7,15.8,8.4,2.6,1.2,11.7,16.5,0.0,1.5,0.099,0.194438,0.09794,0.1932
Tim Frazier,23.5,0.317,0.319,0.504,2.3,9.7,31.4,1.8,0.3,18.0,16.3,-1.5,-0.7,0.075,0.106704,0.04867,0.92287
Tim Hardaway,27.3,0.457,0.235,0.568,1.8,9.5,14.3,1.3,0.6,9.5,22.5,1.3,-1.5,0.107,0.136851,0.48334,1.37151
Timofey Mozgov,20.4,0.003,0.238,0.553,9.9,16.4,5.9,0.7,2.3,16.6,16.8,-2.8,-0.8,0.048,0.241432,0.0,0.0375
Timothe Luwawu-Cabarrot,17.2,0.446,0.341,0.536,2.3,11.5,9.6,1.3,0.7,15.0,17.8,-2.8,-1.2,0.034,0.1028,0.27472,0.09408
Tobias Harris,31.3,0.295,0.213,0.568,2.6,15.6,8.8,1.2,1.3,7.6,21.7,1.1,0.1,0.129,0.116522,0.35991,1.49301
Tomas Satoransky,12.6,0.253,0.226,0.48,3.9,9.1,16.7,1.8,0.7,19.1,12.1,-2.9,-0.2,0.041,0.11858,0.02716,0.2118
Tony Allen,27.0,0.091,0.218,0.493,9.6,13.8,8.4,3.1,1.4,13.3,17.9,-1.8,2.4,0.077,0.260043,0.01806,0.0285
Tony Parker,25.2,0.121,0.206,0.514,0.7,7.3,27.8,1.1,0.1,12.5,20.2,-1.2,-1.7,0.091,0.023881,0.03672,1.42146
Tony Snell,29.2,0.656,0.107,0.603,1.1,11.1,5.9,1.2,0.5,8.8,12.1,0.2,-1.1,0.071,0.056283,1.07358,0.33226
Trevor Ariza,34.7,0.695,0.158,0.548,2.1,15.9,8.8,2.5,0.6,8.0,14.1,0.7,1.0,0.104,0.066542,1.1187,0.64239
Trevor Booker,24.7,0.132,0.186,0.554,8.7,25.5,12.9,2.1,1.2,16.6,18.7,-1.6,1.8,0.086,0.110213,0.01617,0.41288
Trey Burke,12.3,0.275,0.114,0.532,1.1,6.4,20.7,0.8,0.6,15.2,19.6,-2.3,-3.4,0.036,0.03575,0.06475,1.1656
Trey Lyles,16.3,0.465,0.18,0.464,4.9,18.1,9.6,1.2,1.4,11.9,21.7,-2.9,-0.1,0.032,0.072846,0.36034,0.33813
Tristan Thompson,29.9,0.007,0.487,0.594,14.0,19.6,4.6,0.8,2.9,10.8,11.3,0.0,1.5,0.15,0.24072,0.0,0.05
Troy Daniels,17.7,0.717,0.109,0.531,2.0,7.9,6.6,0.9,0.3,8.0,21.7,0.3,-3.4,0.051,0.1545,0.85778,1.06398
Ty Lawson,25.1,0.226,0.416,0.551,3.0,8.9,30.0,2.2,0.3,17.3,19.5,0.2,-1.5,0.088,0.184,0.04672,1.34725
Tyler Ennis,11.1,0.337,0.12,0.521,1.8,6.8,21.7,2.1,0.3,17.0,19.1,-2.1,-2.7,0.033,0.08325,0.02142,0.7163
Tyler Johnson,29.8,0.303,0.308,0.535,2.5,12.5,16.6,1.9,1.6,8.8,20.9,0.7,0.7,0.128,0.10092,0.33638,0.8762
Tyler Ulis,18.4,0.181,0.162,0.474,1.9,7.5,30.5,2.0,0.4,14.1,20.3,-1.4,-2.5,0.029,0.04,0.01425,2.1692
Tyler Zeller,10.3,0.006,0.247,0.508,9.2,17.0,12.2,0.7,3.3,10.2,16.5,-3.2,0.8,0.094,0.293662,0.0,0.06
Tyus Jones,12.9,0.403,0.238,0.523,1.5,8.7,28.0,3.1,0.6,16.0,13.6,-0.4,-1.5,0.095,0.03575,0.10255,0.3663
Victor Oladipo,33.2,0.378,0.165,0.534,1.9,12.6,12.5,1.7,0.8,10.6,21.4,-0.4,-0.9,0.085,0.060024,0.51834,1.81482
Vince Carter,24.6,0.604,0.235,0.542,2.2,12.5,11.5,1.7,1.9,8.5,14.9,0.1,0.9,0.106,0.143208,0.61662,0.54085
Wayne Ellington,24.2,0.71,0.077,0.565,1.3,8.6,7.1,1.2,0.2,5.0,17.9,1.8,-1.9,0.105,0.0358,1.03598,1.20175
Wesley Johnson,11.9,0.59,0.085,0.448,3.7,20.8,3.9,1.8,3.0,8.0,12.5,-3.4,1.6,0.051,0.062604,0.23083,0.20041
Wesley Matthews,34.2,0.566,0.211,0.533,0.8,11.8,13.6,1.6,0.6,9.9,19.4,0.2,-0.1,0.06,0.028819,0.76076,1.74294
Will Barton,28.4,0.353,0.285,0.547,3.8,12.8,17.7,1.4,1.3,11.5,21.1,1.3,-1.0,0.093,0.057915,0.20328,1.33875
Willie Cauley-Stein,18.9,0.004,0.314,0.558,7.0,20.5,9.4,1.9,2.9,11.2,19.6,-2.0,0.9,0.1,0.197566,0.0,0.23874
Willie Reed,14.5,0.014,0.309,0.578,13.7,22.0,3.9,0.9,3.6,8.7,15.3,-1.3,0.7,0.168,0.228528,0.00014,0.028
Willy Hernangomez,18.4,0.032,0.269,0.564,13.8,27.1,11.5,1.5,2.2,16.1,20.3,-0.6,0.6,0.123,0.185344,0.0018,0.01443
Wilson Chandler,30.9,0.347,0.207,0.545,5.2,17.7,9.8,1.2,1.1,10.0,22.0,0.5,-1.3,0.078,0.123453,0.324,1.37246
Zach Randolph,24.5,0.098,0.2,0.49,11.3,27.4,13.5,1.1,0.5,8.6,29.2,-1.4,-0.7,0.086,0.176098,0.02075,0.47388
Zaza Pachulia,18.1,0.007,0.41,0.588,12.9,22.0,13.6,2.2,2.0,19.5,15.3,-0.3,3.0,0.177,0.1865,0.0,0.028
