player,Age,Tm,G,MP,WS,GS,MP.1,PER,3PAr,FTr,ORB%,DRB%,TRB%,AST%,STL%,BLK%,TOV%,USG%,ORtg,DRtg,OWS,DWS,WS/48,OBPM,DBPM,BPM,VORP,paint_rebounding
Aaron Brooks,32,IND,65,13.8,0.3,0,894,9.5,0.427,0.133,2.3,6.3,4.3,20.7,1.4,0.9,17.2,19.2,98,113,-0.2,0.5,0.016,-2.1,-2.6,-4.6,-0.6,0.2145
Aaron Gordon,21,ORL,80,28.7,3.7,72,2298,14.4,0.309,0.251,5.3,14.1,9.6,10.5,1.4,1.4,8.5,20.1,107,111,2.0,1.7,0.076,-0.2,-0.4,-0.7,0.8,0.151018
Al Horford,30,BOS,68,32.3,6.3,68,2193,17.7,0.302,0.169,4.9,18.6,11.8,24.4,1.2,3.3,11.9,19.8,114,107,3.6,2.7,0.137,1.0,2.1,3.1,2.8,0.159873
Al Jefferson,32,IND,66,14.1,2.3,1,931,18.9,0.002,0.18,9.2,24.2,16.8,11.0,1.0,1.5,6.1,26.1,109,108,1.2,1.1,0.119,-1.5,-1.5,-3.1,-0.3,0.198531
Al-Farouq Aminu,26,POR,61,29.1,1.9,25,1773,11.3,0.455,0.292,4.8,23.5,14.1,7.9,1.7,2.0,15.2,15.4,100,108,-0.1,2.0,0.051,-2.3,1.2,-1.1,0.4,0.172746
Alex Abrines,23,OKC,68,15.5,2.1,6,1055,10.1,0.724,0.144,1.9,7.1,4.5,5.5,1.7,0.6,8.3,15.9,113,110,1.2,0.9,0.095,-0.3,-2.2,-2.5,-0.1,0.120083
Alex Len,23,PHO,77,20.3,3.0,34,1560,15.0,0.026,0.449,10.6,25.3,17.8,4.2,1.1,5.1,15.5,17.6,108,108,1.2,1.7,0.091,-3.0,1.2,-1.8,0.1,0.1795
Allen Crabbe,24,POR,79,28.5,4.1,7,2254,11.6,0.467,0.192,0.9,10.2,5.5,6.1,1.2,0.7,8.1,14.9,117,114,3.1,1.0,0.088,0.3,-1.4,-1.1,0.5,0.072645
Amir Johnson,29,BOS,80,20.1,5.0,77,1608,15.0,0.178,0.27,8.2,17.0,12.6,13.0,1.6,3.2,15.7,13.6,121,107,2.9,2.1,0.149,-0.2,2.4,2.2,1.7,0.250272
Andre Drummond,23,DET,81,29.7,6.7,81,2409,20.9,0.008,0.39,15.1,36.3,25.3,5.9,2.6,3.1,12.5,22.4,104,99,1.4,5.3,0.133,-2.1,2.9,0.8,1.7,0.179424
Andre Iguodala,33,GSW,76,26.3,6.9,0,1998,14.4,0.427,0.246,3.0,13.1,8.3,16.7,1.8,1.5,11.2,11.2,129,105,4.1,2.9,0.167,1.3,1.7,3.0,2.5,0.144606
Andre Roberson,25,OKC,79,30.1,4.2,79,2376,9.6,0.397,0.24,4.6,14.2,9.4,4.6,1.9,2.7,9.1,10.1,108,107,1.1,3.1,0.085,-2.1,2.1,0.0,1.2,0.188168
Andrew Harrison,22,MEM,72,20.5,1.6,18,1474,8.7,0.433,0.539,1.7,9.0,5.3,20.0,1.9,1.3,16.0,16.4,100,109,0.0,1.5,0.051,-2.4,0.0,-2.5,-0.2,0.044923
Andrew Wiggins,21,MIN,82,37.2,4.2,82,3048,16.5,0.184,0.345,3.9,8.8,6.3,10.6,1.4,0.8,9.4,29.0,107,115,3.3,0.9,0.066,0.2,-2.9,-2.7,-0.6,0.283162
Anthony Davis,23,NOP,75,36.1,11.0,75,2708,27.5,0.088,0.424,6.7,27.9,17.3,11.1,1.7,5.1,9.1,32.6,112,102,5.9,5.1,0.196,1.4,2.3,3.7,3.9,0.131208
Anthony Tolliver,31,SAC,65,22.7,2.3,9,1477,11.1,0.655,0.234,4.0,14.5,9.3,7.7,1.1,1.2,12.6,13.6,113,113,1.5,0.8,0.075,0.2,-0.8,-0.6,0.5,0.102808
Aron Baynes,30,DET,75,15.5,3.0,2,1163,13.1,0.0,0.337,10.0,21.6,15.6,3.9,0.7,2.8,13.5,14.1,114,106,1.4,1.5,0.123,-2.9,1.1,-1.8,0.1,0.20358
Arron Afflalo,31,SAC,61,25.9,1.4,45,1580,9.0,0.36,0.221,0.7,8.4,4.6,7.4,0.7,0.4,8.4,14.4,109,116,1.2,0.2,0.043,-1.4,-2.0,-3.5,-0.6,0.015873
Austin Rivers,24,LAC,74,27.8,2.5,29,2054,11.4,0.409,0.261,1.1,7.5,4.4,15.0,1.2,0.4,12.4,20.3,105,112,1.2,1.3,0.059,-0.1,-1.5,-1.6,0.2,0.060288
Avery Bradley,26,BOS,55,33.4,3.1,55,1835,14.4,0.357,0.12,4.0,16.2,10.1,10.9,1.8,0.5,9.7,21.9,105,108,1.1,2.0,0.08,-0.2,-0.4,-0.5,0.7,0.060016
Ben McLemore,23,SAC,61,19.3,0.4,26,1176,9.8,0.406,0.222,1.9,10.8,6.4,6.9,1.2,0.5,11.9,20.1,99,114,-0.1,0.5,0.015,-2.1,-2.7,-4.8,-0.8,0.091616
Bismack Biyombo,24,ORL,81,22.1,2.9,27,1793,12.2,0.0,0.69,9.3,25.6,17.2,6.0,0.7,4.1,17.7,13.2,106,108,0.8,2.1,0.077,-4.2,2.0,-2.2,-0.1,0.136496
Blake Griffin,27,LAC,61,34.0,7.7,61,2076,22.7,0.116,0.434,6.1,20.2,13.4,24.5,1.4,0.9,10.9,28.0,115,108,5.4,2.4,0.179,3.2,1.3,4.4,3.4,0.133342
Bobby Portis,21,CHI,64,15.6,2.4,13,1000,14.9,0.256,0.157,8.0,24.0,16.0,5.7,0.8,0.9,8.4,19.1,110,107,1.1,1.2,0.114,-1.6,-1.5,-3.1,-0.3,0.10547
Bojan Bogdanovic,27,TOT,81,25.7,2.9,54,2083,13.5,0.464,0.288,1.9,12.3,7.2,8.7,0.8,0.3,12.0,22.4,108,114,2.0,0.9,0.067,-0.1,-2.8,-2.8,-0.4,0.061815
Boris Diaw,34,UTA,73,17.6,1.1,33,1283,9.0,0.248,0.107,4.3,9.8,7.1,20.3,0.7,0.6,20.3,15.6,99,109,-0.1,1.2,0.041,-2.7,-0.2,-2.9,-0.3,0.211024
Bradley Beal,23,WAS,77,34.9,8.5,77,2684,20.1,0.418,0.259,2.2,7.8,5.0,16.2,1.5,0.7,9.6,26.5,117,112,6.8,1.6,0.151,4.5,-2.4,2.2,2.8,0.1665
Brandon Bass,31,LAC,52,11.1,2.2,0,577,19.7,0.016,0.473,8.6,16.2,12.5,5.7,1.2,1.6,11.4,19.7,125,109,1.6,0.6,0.186,0.1,-0.8,-0.7,0.2,0.188928
Brandon Ingram,19,LAL,79,28.8,-0.3,40,2279,8.5,0.273,0.312,2.8,12.8,7.6,10.5,1.1,1.3,12.9,16.8,96,115,-1.0,0.7,-0.007,-3.1,-0.7,-3.8,-1.1,0.092574
Brandon Jennings,27,TOT,81,22.2,1.7,13,1802,12.1,0.471,0.284,1.8,10.1,5.9,30.4,1.9,0.2,17.5,17.6,104,113,0.7,1.0,0.046,-0.8,-2.2,-3.0,-0.4,0.0
Brandon Knight,25,PHO,54,21.1,0.3,5,1140,12.3,0.265,0.293,2.3,9.1,5.6,17.8,1.1,0.4,13.1,25.0,101,116,0.1,0.2,0.013,-1.5,-3.0,-4.5,-0.7,0.115218
Brook Lopez,28,BRK,75,29.6,4.9,75,2222,20.4,0.33,0.311,5.8,13.3,9.6,14.8,0.8,4.2,12.1,29.2,108,111,3.1,1.8,0.105,1.9,-0.4,1.5,2.0,0.318
Buddy Hield,23,TOT,82,23.0,1.3,55,1888,11.8,0.493,0.099,2.0,13.5,7.8,10.3,1.0,0.4,11.2,21.4,100,112,0.0,1.3,0.032,-0.9,-1.9,-2.8,-0.4,0.04872
CJ McCollum,25,POR,80,35.0,7.6,80,2796,19.9,0.305,0.204,2.4,9.2,5.8,18.0,1.3,1.2,9.9,27.5,114,113,6.2,1.4,0.131,3.3,-2.2,1.0,2.1,0.195662
CJ Miles,29,IND,76,23.4,4.0,29,1776,13.7,0.632,0.144,1.9,12.4,7.2,4.1,1.3,1.2,5.5,18.4,115,111,2.7,1.4,0.109,1.5,-2.1,-0.5,0.7,0.158167
CJ Watson,32,ORL,62,16.3,0.9,9,1012,9.3,0.423,0.266,1.7,8.1,4.8,16.1,2.1,0.2,14.5,14.1,103,112,0.2,0.6,0.041,-2.5,-1.1,-3.6,-0.4,0.1
Caris LeVert,22,BRK,57,21.7,1.8,26,1237,12.2,0.484,0.245,2.0,13.9,8.0,13.7,1.9,0.5,12.3,16.6,107,111,0.8,1.0,0.07,-0.7,-0.4,-1.1,0.3,0.02743
Carmelo Anthony,32,NYK,74,34.3,4.7,74,2538,17.9,0.303,0.263,2.6,15.9,9.3,14.5,1.2,1.1,9.0,29.1,108,113,3.2,1.5,0.089,1.5,-2.2,-0.7,0.8,0.109836
Channing Frye,33,CLE,74,18.9,3.7,15,1398,15.6,0.644,0.142,3.0,19.3,11.4,4.9,1.2,2.1,8.8,19.3,115,109,2.3,1.4,0.125,0.8,-1.5,-0.6,0.5,0.1088
Chris Paul,31,LAC,61,31.5,10.6,61,1921,26.2,0.385,0.331,2.5,14.9,8.8,46.8,3.1,0.3,14.0,24.4,126,106,8.0,2.6,0.264,7.8,1.0,8.7,5.2,0.028557
Clint Capela,22,HOU,65,23.9,6.0,59,1551,21.4,0.0,0.314,12.5,24.5,18.5,6.9,1.1,4.2,12.0,19.9,122,106,3.9,2.1,0.185,0.0,1.0,1.0,1.2,0.237996
Cody Zeller,24,CHO,62,27.8,5.6,58,1725,16.7,0.002,0.442,8.6,17.3,12.9,9.1,1.8,3.0,10.9,15.5,121,107,3.4,2.2,0.157,-0.2,2.3,2.1,1.8,0.258852
Corey Brewer,30,TOT,82,15.6,1.2,11,1281,9.1,0.339,0.195,2.7,11.5,7.1,10.7,2.3,1.2,12.7,14.3,101,110,0.0,1.2,0.045,-2.9,0.2,-2.7,-0.2,0.03696
Cory Joseph,25,TOR,80,25.0,3.4,22,2003,13.2,0.204,0.185,2.9,10.4,6.6,20.0,1.7,0.6,13.1,18.4,108,110,1.7,1.7,0.082,-0.4,-0.4,-0.8,0.6,0.126984
Courtney Lee,31,NYK,77,31.9,4.2,74,2459,12.1,0.382,0.139,2.3,9.1,5.7,10.6,1.6,0.8,8.5,14.4,115,114,3.1,1.1,0.081,0.5,-0.7,-0.2,1.1,0.085228
Cristiano Felicio,24,CHI,66,15.8,3.4,0,1040,15.2,0.0,0.419,12.8,19.5,16.1,5.7,1.2,1.2,11.2,12.4,126,107,2.1,1.3,0.157,-0.6,0.5,-0.1,0.5,0.227129
D'Angelo Russell,20,LAL,63,28.7,1.3,60,1811,15.3,0.443,0.217,1.8,11.9,6.7,26.8,2.3,0.7,15.6,26.6,101,113,0.3,1.0,0.034,1.1,-1.6,-0.5,0.7,0.037884
DJ Augustin,29,ORL,78,19.7,1.2,20,1538,11.0,0.53,0.311,1.0,7.4,4.1,20.4,1.0,0.1,13.3,19.4,104,115,0.7,0.5,0.038,-0.9,-3.3,-4.2,-0.9,0.222
Damian Lillard,26,POR,75,35.9,10.3,75,2694,24.1,0.388,0.366,1.9,13.3,7.6,28.7,1.3,0.6,10.2,31.5,118,113,8.8,1.5,0.184,6.4,-2.0,4.3,4.3,0.090207
Danilo Gallinari,28,DEN,63,33.9,6.9,63,2134,17.4,0.432,0.516,2.0,14.7,8.4,9.1,0.9,0.5,8.1,19.9,126,115,6.2,0.7,0.154,2.9,-2.1,0.8,1.5,0.088032
Danny Green,29,SAS,68,26.6,3.4,68,1807,10.2,0.693,0.071,2.0,11.8,7.0,9.6,2.0,2.6,14.1,13.5,103,104,0.4,3.0,0.09,-0.3,2.7,2.4,2.0,0.081088
Dante Cunningham,29,NOP,66,25.0,3.0,35,1649,10.2,0.504,0.075,3.6,14.2,8.9,3.1,1.2,1.4,7.0,10.7,114,109,1.4,1.6,0.088,-1.3,0.8,-0.5,0.6,0.094535
Dante Exum,21,UTA,66,18.6,1.2,26,1228,8.6,0.41,0.201,2.9,9.3,6.2,14.2,0.9,0.8,16.8,18.1,100,109,-0.1,1.3,0.047,-2.0,-0.5,-2.5,-0.1,0.1785
Dario Saric,22,PHI,81,26.3,1.0,36,2129,12.8,0.368,0.237,5.8,20.8,13.3,14.3,1.3,1.1,15.2,24.6,96,109,-1.2,2.2,0.023,-2.0,-0.2,-2.2,-0.1,0.153768
Darren Collison,29,SAC,68,30.3,3.9,64,2063,15.3,0.245,0.239,1.3,7.2,4.3,24.5,1.6,0.4,12.6,19.8,113,114,3.1,0.8,0.091,0.8,-2.3,-1.5,0.3,0.10725
David Lee,33,SAS,79,18.7,5.7,10,1477,18.4,0.0,0.269,11.6,21.9,16.9,13.0,1.1,2.2,14.9,16.9,120,103,3.2,2.5,0.186,0.7,2.5,3.2,1.9,0.218784
David West,36,GSW,68,12.6,2.6,0,854,16.6,0.032,0.222,6.4,18.8,13.0,24.1,2.4,4.4,22.0,17.9,109,100,0.9,1.7,0.148,-1.7,3.9,2.2,0.9,0.214855
Davis Bertans,24,SAS,67,12.1,2.3,6,808,12.9,0.739,0.145,3.2,10.6,6.9,8.3,1.3,2.8,11.4,15.7,115,105,1.1,1.2,0.135,1.2,0.5,1.7,0.8,0.26775
DeAndre Jordan,28,LAC,81,31.7,11.8,81,2570,21.8,0.003,0.737,13.3,34.6,24.2,5.7,1.0,4.3,13.2,15.3,129,102,7.2,4.6,0.22,1.0,3.0,4.0,3.9,0.18216
DeAndre Liggins,28,TOT,62,12.5,0.5,19,777,7.5,0.324,0.282,2.9,12.2,7.7,9.2,3.0,1.5,20.8,11.6,92,107,-0.4,0.9,0.031,-3.9,1.8,-2.1,0.0,0.064963
DeMar DeRozan,27,TOR,74,35.4,9.0,74,2620,24.0,0.08,0.419,3.0,13.6,8.3,20.6,1.5,0.4,9.0,34.3,113,110,6.7,2.4,0.166,2.4,-1.5,0.9,1.9,0.18375
DeMarcus Cousins,26,TOT,72,34.2,7.6,72,2465,25.7,0.254,0.468,7.1,29.2,18.2,25.8,2.0,3.3,13.5,36.5,107,105,3.8,3.8,0.149,3.9,2.6,6.6,5.3,0.11508
DeMarre Carroll,30,TOR,72,26.1,3.8,72,1882,11.9,0.583,0.213,3.8,12.7,8.3,5.7,2.2,1.2,8.3,15.5,110,108,1.7,2.1,0.097,0.6,0.4,1.0,1.4,0.123888
Dennis Schroder,23,ATL,79,31.5,3.7,78,2485,16.1,0.242,0.21,1.9,9.0,5.5,35.5,1.5,0.6,16.3,27.8,103,109,1.2,2.5,0.071,0.7,-1.4,-0.7,0.8,0.131712
Denzel Valentine,23,CHI,57,17.1,0.6,0,976,7.3,0.722,0.063,1.2,15.6,8.3,9.3,1.5,0.6,14.2,15.4,95,108,-0.5,1.1,0.031,-2.4,-0.4,-2.8,-0.2,0.040404
Deron Williams,32,TOT,64,25.9,2.4,44,1657,14.0,0.39,0.182,0.9,9.4,5.1,35.9,1.0,0.4,17.6,22.1,106,113,1.5,0.9,0.069,0.2,-2.4,-2.3,-0.1,0.050505
Derrick Favors,25,UTA,50,23.7,2.7,39,1186,15.8,0.024,0.261,9.2,20.2,14.9,7.9,2.0,2.7,11.4,20.7,104,102,0.5,2.2,0.109,-2.4,2.3,-0.1,0.6,0.201664
Derrick Rose,28,NYK,64,32.5,3.0,64,2082,17.0,0.061,0.259,3.4,9.3,6.4,22.8,1.1,0.7,11.9,25.7,108,115,2.4,0.6,0.068,0.2,-2.2,-1.9,0.0,0.133878
Derrick Williams,25,TOT,50,16.1,1.1,11,804,10.6,0.398,0.365,2.6,15.1,8.9,5.1,0.9,0.7,9.0,17.2,106,111,0.4,0.6,0.064,-2.4,-1.8,-4.2,-0.4,0.0735
Devin Booker,20,PHO,78,35.0,2.0,78,2730,14.6,0.283,0.308,1.8,8.3,5.0,16.3,1.3,0.6,12.9,28.6,103,116,1.4,0.6,0.035,0.4,-2.7,-2.3,-0.2,0.091875
Devin Harris,33,DAL,65,16.7,2.2,0,1087,13.8,0.519,0.378,1.1,13.0,6.8,20.0,2.1,0.6,12.5,19.7,108,109,1.1,1.1,0.096,-0.1,-0.3,-0.4,0.4,0.094
Dewayne Dedmon,27,SAS,76,17.5,5.2,37,1330,16.0,0.0,0.359,11.2,30.5,21.1,4.8,1.4,3.7,16.9,12.3,122,99,2.2,3.0,0.188,-1.5,3.2,1.7,1.2,0.16272
Dirk Nowitzki,38,DAL,54,26.4,2.5,54,1424,17.0,0.308,0.165,1.8,28.3,14.4,10.6,1.1,2.4,6.6,25.8,103,106,0.6,1.9,0.084,-1.6,0.3,-1.3,0.2,0.111629
Domantas Sabonis,20,OKC,81,20.1,0.7,66,1632,6.9,0.331,0.139,3.0,16.4,9.7,7.2,1.2,1.6,14.0,15.4,93,108,-1.0,1.8,0.022,-4.7,-0.1,-4.9,-1.2,0.17479
Dorian Finney-Smith,23,DAL,81,20.3,1.4,35,1642,7.7,0.574,0.183,3.7,12.3,7.8,6.0,1.6,1.4,11.1,11.6,99,110,-0.1,1.5,0.041,-2.8,1.3,-1.5,0.2,0.150024
Doug McDermott,25,TOT,66,22.8,2.6,5,1508,10.7,0.416,0.169,1.4,11.5,6.4,5.9,0.4,0.3,6.6,16.4,112,112,1.6,1.0,0.083,-1.2,-2.3,-3.5,-0.6,0.093732
Draymond Green,26,GSW,76,32.5,8.2,76,2471,16.5,0.405,0.328,4.6,20.9,13.3,27.6,3.0,3.4,19.8,16.2,111,99,2.8,5.4,0.16,0.4,5.0,5.4,4.6,0.141708
Dwight Howard,31,ATL,74,29.7,8.3,74,2199,20.8,0.003,0.692,15.0,31.7,23.5,7.8,1.4,3.6,17.5,19.2,115,100,3.8,4.5,0.181,-0.5,2.8,2.3,2.4,0.16104
Dwight Powell,25,DAL,77,17.3,4.6,3,1333,17.6,0.196,0.374,7.7,19.5,13.3,6.1,2.4,2.6,7.2,16.7,120,105,2.7,1.9,0.165,-0.5,1.9,1.4,1.2,0.107616
Dwyane Wade,35,CHI,60,29.9,3.4,59,1792,18.5,0.152,0.294,3.8,12.6,8.2,22.4,2.4,1.8,11.3,29.6,103,106,0.9,2.5,0.09,0.4,0.6,1.0,1.4,0.114162
E'Twaun Moore,27,NOP,73,24.9,2.7,22,1820,12.1,0.336,0.12,1.9,6.9,4.4,13.8,1.3,1.4,8.7,17.4,107,111,1.2,1.5,0.07,-0.8,-0.5,-1.3,0.3,0.216
Elfrid Payton,22,ORL,82,29.4,4.4,58,2412,17.2,0.16,0.231,3.9,13.8,8.7,35.7,1.8,1.3,15.0,21.6,107,111,2.4,2.0,0.088,0.7,0.2,0.9,1.7,0.11832
Emmanuel Mudiay,20,DEN,55,25.6,0.2,41,1406,10.9,0.323,0.303,2.3,11.6,7.0,21.8,1.4,0.7,16.5,22.6,98,114,-0.4,0.5,0.006,-2.0,-1.8,-3.8,-0.6,0.083895
Enes Kanter,24,OKC,72,21.3,5.8,0,1533,23.7,0.052,0.387,14.1,20.8,17.4,7.9,1.0,2.0,12.5,27.3,116,107,4.0,1.8,0.183,0.6,-1.9,-1.2,0.3,0.2494
Eric Bledsoe,27,PHO,66,33.0,5.4,66,2176,20.6,0.3,0.443,2.5,13.8,8.0,31.1,2.0,1.2,15.3,28.1,111,112,4.0,1.4,0.119,3.7,-0.4,3.3,2.9,0.126
Eric Gordon,28,HOU,75,31.0,3.8,15,2323,13.1,0.651,0.172,1.4,8.1,4.7,12.3,1.0,1.4,10.0,22.1,109,113,2.5,1.4,0.079,1.0,-2.4,-1.4,0.4,0.10875
Ersan Ilyasova,29,TOT,82,26.1,4.1,52,2142,14.6,0.452,0.233,5.9,18.8,12.4,11.0,1.3,0.9,10.6,22.2,107,108,1.8,2.3,0.091,0.3,-0.8,-0.5,0.8,0.135642
Evan Fournier,24,ORL,68,32.9,2.8,66,2234,13.9,0.387,0.298,2.1,8.3,5.1,14.8,1.5,0.1,11.8,23.5,106,114,1.7,1.1,0.059,0.8,-2.2,-1.3,0.4,0.182441
Evan Turner,28,POR,65,25.5,1.2,12,1658,11.4,0.214,0.187,2.4,14.2,8.3,18.4,1.6,1.2,14.3,18.5,100,111,0.0,1.2,0.035,-2.5,-0.1,-2.6,-0.3,0.075589
Frank Kaminsky,23,CHO,75,26.1,2.3,16,1954,13.0,0.441,0.195,3.2,15.8,9.5,13.5,1.2,1.5,8.0,21.8,102,109,0.4,1.9,0.056,-0.8,-0.7,-1.5,0.2,0.1526
Garrett Temple,30,SAC,65,26.6,2.2,21,1728,11.2,0.509,0.171,2.2,10.0,6.1,14.5,2.5,1.5,14.4,14.2,106,111,0.9,1.3,0.062,-0.3,0.6,0.3,1.0,0.2168
Gary Harris,22,DEN,57,31.3,4.6,56,1782,16.5,0.4,0.21,3.0,8.0,5.5,13.6,1.9,0.3,9.8,18.4,121,114,3.9,0.7,0.124,3.1,-1.6,1.5,1.6,0.083104
Gerald Henderson,29,PHI,72,23.2,2.1,41,1667,10.8,0.313,0.298,2.2,10.0,6.1,10.5,1.2,0.7,9.0,17.9,106,112,1.0,1.0,0.059,-1.8,-1.2,-3.1,-0.5,0.228114
Giannis Antetokounmpo,22,MIL,80,35.6,12.4,80,2845,26.1,0.143,0.486,5.9,22.6,14.3,26.6,2.3,4.7,13.3,28.3,116,104,7.9,4.5,0.21,4.1,3.5,7.6,6.9,0.1495
Glenn Robinson,23,IND,69,20.7,2.5,27,1426,11.5,0.37,0.225,4.5,14.6,9.6,4.7,1.4,1.2,9.1,12.8,112,110,1.3,1.2,0.085,-1.2,-0.2,-1.4,0.2,0.073926
Goran Dragic,30,MIA,73,33.7,7.5,73,2459,19.7,0.257,0.335,2.7,9.9,6.3,29.0,1.8,0.4,14.1,27.1,112,109,5.0,2.6,0.147,3.4,-0.7,2.7,2.9,0.071613
Gordon Hayward,26,UTA,73,34.5,10.4,73,2516,22.2,0.324,0.371,2.3,15.4,9.0,18.2,1.5,0.6,9.4,27.6,118,106,7.1,3.3,0.199,4.2,0.0,4.2,4.0,0.045428
Gorgui Dieng,27,MIN,82,32.4,5.7,82,2653,14.2,0.065,0.253,8.1,20.5,14.2,8.6,1.7,3.1,12.7,14.0,114,110,3.2,2.5,0.103,-0.5,2.2,1.7,2.5,0.138768
Greg Monroe,26,MIL,81,22.5,5.6,0,1823,21.1,0.006,0.329,10.8,23.1,17.0,17.3,2.6,1.8,14.4,24.3,111,105,3.0,2.6,0.147,0.5,1.5,2.0,1.9,0.244648
Harrison Barnes,24,DAL,79,35.5,4.6,79,2803,16.3,0.173,0.22,3.7,13.2,8.2,7.8,1.2,0.5,6.8,25.3,106,111,2.5,2.1,0.079,-0.7,-1.2,-1.9,0.1,0.12423
Hassan Whiteside,27,MIA,77,32.6,9.5,77,2513,22.6,0.0,0.368,12.8,35.3,24.0,3.8,1.1,5.0,12.0,22.7,113,100,4.2,5.3,0.181,-2.0,1.5,-0.5,0.9,0.168432
Ian Clark,25,GSW,77,14.8,2.3,0,1137,13.1,0.376,0.134,2.3,9.1,5.9,11.2,1.7,0.6,10.7,19.5,108,108,1.0,1.3,0.099,-0.6,-1.4,-2.0,0.0,0.0168
Iman Shumpert,26,CLE,76,25.5,2.0,31,1937,9.0,0.534,0.184,2.3,9.9,6.2,7.8,1.6,1.1,12.9,13.9,104,112,0.7,1.4,0.05,-1.3,0.0,-1.3,0.3,0.063936
Isaiah Thomas,27,BOS,76,33.8,12.6,76,2569,26.5,0.439,0.441,1.9,7.0,4.4,32.6,1.4,0.4,10.7,34.0,122,112,10.9,1.6,0.235,8.8,-3.3,5.5,4.8,0.230622
Isaiah Whitehead,21,BRK,73,22.5,-0.8,26,1643,7.5,0.293,0.222,2.1,9.7,5.9,17.7,1.2,1.7,20.3,18.2,91,113,-1.7,0.9,-0.023,-4.3,-0.6,-4.9,-1.2,0.167076
Ish Smith,28,DET,81,24.1,3.1,32,1955,14.7,0.14,0.136,1.1,12.4,6.6,32.5,1.6,1.4,12.4,20.5,103,108,0.9,2.2,0.076,-1.2,0.4,-0.8,0.6,0.062624
JJ Redick,32,LAC,78,28.2,4.8,78,2198,14.8,0.526,0.227,0.6,7.9,4.3,7.8,1.3,0.5,9.1,21.9,113,112,3.3,1.5,0.105,2.0,-2.0,0.0,1.1,0.028952
JaMychal Green,26,MEM,77,27.3,5.8,75,2101,13.5,0.29,0.334,8.8,21.1,14.8,6.3,1.1,1.5,14.1,14.4,117,107,3.1,2.6,0.131,-0.4,1.0,0.6,1.4,0.1649
Jabari Parker,21,MIL,51,33.9,4.1,50,1728,19.1,0.219,0.268,5.4,15.7,10.6,14.3,1.5,1.1,9.2,26.5,110,110,2.6,1.5,0.113,1.5,-1.3,0.3,1.0,0.175428
Jae Crowder,26,BOS,72,32.4,6.7,72,2335,14.9,0.547,0.301,2.3,17.3,9.9,10.1,1.5,0.8,8.8,17.0,119,109,4.2,2.5,0.137,1.4,0.1,1.5,2.1,0.069
Jahlil Okafor,21,PHI,50,22.7,1.2,33,1134,14.8,0.0,0.335,7.9,15.5,11.7,9.0,0.9,3.4,14.4,24.1,101,110,0.1,1.1,0.05,-3.4,0.1,-3.3,-0.4,0.229518
Jakob Poeltl,21,TOR,54,11.6,1.6,4,626,12.2,0.0,0.496,14.1,15.7,14.9,2.7,1.4,2.8,17.2,12.1,118,108,0.9,0.7,0.125,-1.2,0.5,-0.7,0.2,0.339048
Jamal Crawford,36,LAC,82,26.3,1.9,1,2157,12.0,0.371,0.234,0.9,5.7,3.3,15.1,1.4,0.5,12.3,22.7,102,112,0.5,1.4,0.042,-1.0,-2.1,-3.0,-0.6,0.09
Jamal Murray,19,DEN,82,21.5,1.4,10,1764,11.9,0.471,0.164,2.6,10.7,6.7,14.0,1.4,1.1,12.6,21.6,103,114,0.6,0.7,0.037,-0.5,-2.1,-2.6,-0.3,0.115401
Jameer Nelson,34,DEN,75,27.3,2.8,39,2045,11.4,0.452,0.104,1.5,8.8,5.2,26.0,1.3,0.3,17.0,15.8,111,115,2.3,0.5,0.065,0.3,-2.3,-2.0,0.0,0.03
James Ennis,26,MEM,64,23.5,3.2,28,1501,10.6,0.427,0.343,5.1,14.9,9.9,6.5,1.6,1.2,13.8,13.0,112,108,1.4,1.7,0.101,-1.0,1.0,0.0,0.8,0.132104
James Harden,27,HOU,81,36.4,15.0,81,2947,27.3,0.493,0.575,3.5,20.9,12.2,50.7,2.0,1.0,19.5,34.2,118,107,11.5,3.6,0.245,8.7,1.5,10.1,9.0,0.056221
James Johnson,29,MIA,76,27.4,5.1,5,2085,17.0,0.333,0.28,3.5,16.6,9.9,20.9,1.8,3.2,16.5,22.0,107,105,1.9,3.2,0.117,0.5,2.2,2.7,2.5,0.106128
Jared Dudley,31,PHO,64,21.3,1.8,7,1362,10.6,0.587,0.188,2.4,15.9,9.0,12.5,1.5,0.9,16.1,13.7,110,113,1.1,0.7,0.065,-0.1,-0.1,-0.2,0.6,0.161022
Jason Smith,30,WAS,74,14.4,2.3,3,1068,13.6,0.237,0.155,6.8,20.4,13.6,5.0,1.0,4.3,14.2,16.7,110,108,1.0,1.3,0.103,-2.0,0.6,-1.3,0.2,0.198795
Jason Terry,39,MIL,74,18.4,2.1,0,1365,9.0,0.704,0.119,1.3,7.7,4.5,9.9,1.7,1.3,12.3,9.8,116,112,1.2,0.9,0.075,-0.5,-0.6,-1.1,0.3,0.0284
Jaylen Brown,20,BOS,78,17.2,1.5,20,1341,10.3,0.319,0.293,3.8,14.4,9.1,7.2,1.3,1.1,12.5,18.1,102,110,0.2,1.3,0.053,-3.1,-0.9,-4.0,-0.7,0.1075
Jeff Green,30,ORL,69,22.2,0.7,11,1534,10.5,0.346,0.301,2.7,12.8,7.6,8.1,1.2,0.7,10.6,20.3,99,113,-0.2,0.9,0.022,-2.8,-1.8,-4.6,-1.0,0.129514
Jeff Teague,28,IND,82,32.4,8.1,82,2657,19.2,0.277,0.457,1.4,12.4,7.0,36.4,1.9,1.1,16.5,22.1,115,110,5.7,2.4,0.146,2.4,-0.6,1.9,2.6,0.051282
Jerami Grant,22,TOT,80,19.1,2.9,4,1531,10.1,0.354,0.448,2.7,12.2,7.4,4.2,1.1,4.1,10.1,12.1,111,108,1.1,1.8,0.091,-3.0,0.9,-2.1,0.0,0.145314
Jeremy Lamb,24,CHO,62,18.4,2.7,5,1143,17.0,0.297,0.263,2.9,22.7,12.7,11.3,1.2,1.8,6.8,23.2,109,108,1.4,1.3,0.115,-0.8,-0.8,-1.7,0.1,0.061744
Jerian Grant,24,CHI,63,16.3,2.5,28,1028,13.1,0.445,0.243,1.8,9.9,5.8,17.3,2.3,0.6,11.7,16.0,114,108,1.3,1.2,0.118,0.0,-0.3,-0.3,0.4,0.026026
Jimmy Butler,27,CHI,76,37.0,13.8,75,2809,25.1,0.198,0.54,4.9,13.2,9.0,24.8,2.6,0.9,9.3,26.5,123,106,10.1,3.8,0.236,5.8,1.1,6.9,6.3,0.131706
Joe Harris,25,BRK,52,21.9,0.8,11,1138,9.0,0.61,0.135,1.5,12.0,6.8,7.3,1.2,0.5,12.5,16.5,101,113,0.1,0.6,0.032,-1.4,-1.5,-3.0,-0.3,0.072048
Joe Ingles,29,UTA,82,24.0,5.0,26,1972,12.4,0.619,0.151,1.4,13.5,7.6,17.1,2.6,0.3,18.2,13.9,112,105,2.0,3.0,0.122,0.9,1.8,2.7,2.3,0.01957
Joe Johnson,35,UTA,78,23.6,3.8,14,1843,12.8,0.412,0.123,2.1,12.7,7.6,12.6,1.0,0.8,9.5,18.5,109,108,1.7,2.1,0.099,-0.1,-0.1,-0.2,0.8,0.101232
Joffrey Lauvergne,25,TOT,70,14.0,1.5,1,980,12.6,0.292,0.217,8.0,20.1,14.1,10.8,1.3,0.5,13.2,18.5,104,108,0.4,1.1,0.075,-2.3,-0.9,-3.2,-0.3,0.15326
John Henson,26,MIL,58,19.4,2.7,39,1123,15.3,0.003,0.346,9.6,20.8,15.3,7.7,1.3,6.1,13.0,16.6,110,106,1.1,1.6,0.115,-2.6,2.5,-0.1,0.5,0.2568
John Wall,26,WAS,78,36.4,8.8,78,2836,23.2,0.19,0.367,2.3,10.6,6.5,46.9,2.7,1.4,16.2,30.6,110,109,5.7,3.0,0.148,3.8,0.2,4.0,4.3,0.129564
Jon Leuer,27,DET,75,25.9,4.5,34,1944,14.2,0.259,0.175,5.5,17.5,11.3,8.6,0.8,1.1,8.7,17.3,113,109,2.5,2.0,0.112,-0.4,0.5,0.2,1.1,0.109068
Jonas Jerebko,29,BOS,78,15.8,2.1,6,1232,9.3,0.496,0.141,5.5,19.1,12.3,8.1,1.0,1.1,12.3,11.4,109,109,0.8,1.3,0.081,-2.4,0.3,-2.1,0.0,0.102284
Jonas Valanciunas,24,TOR,80,25.8,7.9,80,2066,20.1,0.003,0.309,12.4,29.1,20.8,4.4,0.9,2.6,11.7,19.5,120,105,4.9,3.0,0.183,-0.5,-0.1,-0.6,0.7,0.2009
Jonathon Simmons,27,SAS,78,17.8,2.0,8,1392,9.9,0.242,0.314,1.7,11.1,6.5,13.2,1.7,1.5,13.7,18.0,100,105,-0.1,2.1,0.068,-2.8,0.9,-1.9,0.0,0.1628
Jordan Clarkson,24,LAL,82,29.2,1.2,19,2397,13.1,0.332,0.157,2.2,9.3,5.6,14.4,1.8,0.3,12.5,23.3,102,115,0.5,0.7,0.024,-0.5,-2.3,-2.7,-0.4,0.133525
Josh Richardson,23,MIA,53,30.5,2.2,34,1614,10.7,0.442,0.15,2.4,9.2,5.8,12.7,1.9,1.9,10.6,16.8,102,108,0.3,1.9,0.066,-1.0,1.1,0.2,0.9,0.166463
Jrue Holiday,26,NOP,67,32.7,3.8,61,2190,17.1,0.314,0.188,2.2,10.6,6.4,35.9,2.2,1.6,16.7,23.5,104,108,1.2,2.6,0.084,1.2,0.5,1.7,2.0,0.131535
Juan Hernangomez,21,DEN,62,13.6,1.8,9,842,13.3,0.504,0.339,5.7,18.7,12.3,4.7,1.7,1.1,10.7,14.6,117,112,1.2,0.6,0.103,-0.1,-1.2,-1.3,0.1,0.128
Julius Randle,22,LAL,74,28.8,3.5,73,2132,16.3,0.082,0.365,7.5,25.8,16.3,19.3,1.1,1.4,16.2,21.4,107,112,2.0,1.5,0.08,-0.7,0.7,0.0,1.1,0.141317
Justin Anderson,23,TOT,75,16.4,1.9,10,1228,13.9,0.442,0.294,6.2,16.9,11.3,8.8,1.7,1.6,11.7,20.9,104,109,0.6,1.3,0.074,-1.2,-0.3,-1.6,0.1,0.095887
Justin Hamilton,26,BRK,64,18.4,2.1,7,1177,13.6,0.478,0.137,6.5,17.0,11.8,7.3,1.2,2.8,9.7,16.2,109,110,1.0,1.0,0.084,-0.9,0.2,-0.8,0.4,0.193856
Justin Holiday,27,NYK,82,20.0,2.5,4,1639,12.7,0.507,0.149,1.8,13.1,7.4,9.2,2.0,1.5,10.3,16.9,108,111,1.3,1.2,0.073,-0.3,-0.8,-1.1,0.4,0.108225
Jusuf Nurkic,22,TOT,65,21.4,2.0,48,1391,17.5,0.002,0.393,12.3,24.8,18.6,13.9,1.8,4.2,18.6,23.9,101,107,0.2,1.8,0.068,-2.3,2.2,-0.2,0.6,0.220988
Karl-Anthony Towns,21,MIN,82,37.0,12.7,82,3030,26.0,0.186,0.289,11.2,27.8,19.4,13.2,1.0,2.9,11.3,27.5,121,110,9.9,2.8,0.201,4.8,0.3,5.0,5.4,0.182516
Kawhi Leonard,25,SAS,74,33.4,13.6,74,2474,27.5,0.294,0.407,3.7,15.7,9.8,18.9,2.7,1.8,9.1,31.1,121,102,8.9,4.7,0.264,6.4,1.5,7.9,6.2,0.157899
Kelly Olynyk,25,BOS,75,20.5,4.1,6,1538,15.2,0.378,0.242,5.3,20.7,13.0,15.2,1.4,1.5,14.6,19.0,113,107,2.2,1.9,0.127,0.1,0.5,0.7,1.0,0.080496
Kelly Oubre,21,WAS,79,20.3,2.1,5,1605,9.1,0.425,0.224,4.3,13.9,9.1,4.0,1.8,0.9,9.2,14.5,105,110,0.6,1.4,0.062,-1.8,-0.5,-2.3,-0.1,0.105835
Kemba Walker,26,CHO,79,34.7,8.1,79,2739,21.3,0.415,0.248,1.8,10.6,6.2,29.1,1.6,0.7,9.5,29.2,113,111,5.9,2.2,0.142,5.3,-1.7,3.6,3.9,0.077562
Kenneth Faried,27,DEN,61,21.2,4.6,34,1296,20.3,0.014,0.454,15.7,23.6,19.7,6.3,1.6,2.4,10.4,18.3,123,110,3.4,1.2,0.169,0.9,-0.1,0.8,0.9,0.2247
Kent Bazemore,27,ATL,73,26.9,2.1,64,1963,11.5,0.369,0.233,2.6,10.3,6.5,14.2,2.3,2.3,13.6,20.5,97,106,-0.6,2.8,0.053,-2.0,1.2,-0.8,0.6,0.07536
Kentavious Caldwell-Pope,23,DET,76,33.3,4.5,75,2529,12.8,0.471,0.199,2.3,8.7,5.3,11.2,1.8,0.4,7.9,19.2,107,109,2.0,2.5,0.086,0.9,0.0,0.9,1.9,0.114688
Kevin Durant,28,GSW,62,33.4,12.0,62,2070,27.6,0.304,0.374,2.2,23.6,13.6,23.1,1.5,3.8,10.4,27.8,125,101,8.0,4.0,0.277,5.4,2.6,8.0,5.2,0.083767
Kevin Love,28,CLE,60,31.4,6.4,60,1885,21.1,0.449,0.34,8.9,29.3,19.5,9.8,1.4,0.9,10.9,26.4,114,107,4.0,2.4,0.163,1.7,-0.9,0.8,1.3,0.109906
Klay Thompson,26,GSW,78,34.0,7.1,78,2649,17.4,0.47,0.158,2.2,9.2,5.9,9.3,1.2,1.2,8.0,26.1,111,108,4.2,2.9,0.128,2.4,-2.1,0.3,1.5,0.102708
Kosta Koufos,27,SAC,71,20.0,2.6,62,1419,13.8,0.003,0.158,9.7,22.9,16.4,5.3,1.3,3.1,12.7,15.3,109,109,1.2,1.4,0.089,-2.6,0.7,-1.9,0.0,0.137904
Kris Dunn,22,MIN,78,17.1,0.1,7,1333,8.1,0.233,0.188,2.1,12.6,7.3,19.4,3.0,2.3,20.8,14.2,90,109,-1.2,1.3,0.004,-3.7,1.5,-2.2,-0.1,0.122728
Kris Humphries,31,ATL,56,12.3,1.6,4,689,13.6,0.252,0.383,9.7,23.0,16.4,6.4,1.1,2.6,10.1,17.6,108,104,0.6,1.1,0.115,-3.0,0.3,-2.7,-0.1,0.138672
Kristaps Porzingis,21,NYK,66,32.8,4.5,65,2164,17.4,0.319,0.256,5.5,18.2,11.8,7.3,1.1,4.9,9.7,24.3,108,109,2.4,2.1,0.1,0.2,0.0,0.2,1.2,0.206
Kyle Anderson,23,SAS,72,14.2,2.7,14,1020,12.5,0.191,0.273,3.7,19.0,11.5,12.4,2.5,2.1,14.3,12.1,109,101,0.7,2.0,0.127,-2.1,3.7,1.6,0.9,0.103356
Kyle Korver,35,TOT,67,26.2,3.7,22,1753,12.1,0.697,0.082,0.5,11.0,5.9,9.4,1.0,1.0,11.5,15.2,116,111,2.3,1.3,0.101,0.8,-1.0,-0.2,0.8,0.120512
Kyle Lowry,30,TOR,60,37.4,10.1,60,2244,22.9,0.51,0.398,2.4,12.1,7.3,29.9,2.0,0.7,13.8,24.9,123,109,7.8,2.3,0.216,7.1,-0.4,6.7,4.9,0.10229
Kyle O'Quinn,26,NYK,79,15.6,3.9,8,1229,20.5,0.041,0.201,13.7,24.8,19.2,14.8,1.5,6.9,14.5,18.5,114,105,2.1,1.8,0.151,-0.1,3.7,3.5,1.7,0.20713
Kyrie Irving,24,CLE,72,35.1,8.9,72,2525,23.0,0.311,0.231,2.3,7.5,5.0,29.7,1.6,0.8,10.3,30.8,116,112,7.4,1.5,0.17,4.8,-2.3,2.5,2.9,0.202
LaMarcus Aldridge,31,SAS,72,32.4,7.3,72,2335,18.6,0.053,0.258,8.6,16.6,12.7,9.9,1.0,3.1,7.7,24.5,111,104,3.5,3.7,0.149,-0.3,1.4,1.1,1.8,0.215118
Langston Galloway,25,TOT,74,20.2,1.3,2,1495,10.4,0.565,0.117,1.9,9.3,5.6,9.4,1.5,0.3,7.4,18.4,101,111,0.2,1.1,0.041,-0.9,-1.7,-2.6,-0.2,0.052614
Larry Nance,24,LAL,63,22.9,3.5,7,1442,15.8,0.1,0.222,8.8,19.6,14.0,9.7,2.8,2.3,12.4,13.4,117,109,2.1,1.5,0.118,-0.3,2.3,2.0,1.5,0.154224
Lavoy Allen,27,IND,61,14.3,1.7,5,871,11.6,0.006,0.196,13.7,14.6,14.2,9.1,1.0,2.4,13.7,10.9,114,110,0.9,0.8,0.093,-1.5,1.3,-0.3,0.4,0.2832
LeBron James,32,CLE,74,37.8,12.9,74,2794,27.0,0.254,0.395,4.0,20.7,12.6,41.3,1.6,1.3,16.1,30.0,119,108,9.8,3.0,0.221,6.8,1.6,8.4,7.3,0.093612
Leandro Barbosa,34,PHO,67,14.4,0.6,0,963,11.5,0.25,0.115,1.6,10.3,5.9,13.0,1.5,0.7,10.4,20.0,103,114,0.3,0.4,0.031,-2.0,-2.1,-4.1,-0.5,0.030602
Lou Williams,30,TOT,81,24.6,6.1,1,1994,21.4,0.447,0.458,1.4,9.9,5.5,19.9,1.9,0.8,11.8,29.1,115,113,5.1,1.0,0.147,3.7,-3.0,0.8,1.4,0.084056
Luc Mbah a Moute,30,LAC,80,22.3,3.1,76,1787,10.3,0.291,0.23,3.0,7.7,5.4,3.1,2.3,1.6,10.1,11.6,111,109,1.3,1.8,0.084,-0.8,1.5,0.7,1.2,0.188145
Lucas Nogueira,24,TOR,57,19.1,3.7,6,1088,15.5,0.077,0.429,8.5,16.7,12.6,5.4,2.4,7.2,19.9,9.5,125,102,1.7,2.0,0.164,-0.1,5.6,5.4,2.0,0.208302
Luke Babbitt,27,MIA,68,15.7,1.8,55,1065,8.4,0.747,0.053,1.3,13.5,7.4,4.8,1.0,0.8,8.0,13.0,110,109,0.8,1.0,0.082,-1.0,-0.8,-1.8,0.1,0.070516
Luol Deng,31,LAL,56,26.5,0.9,49,1486,10.1,0.389,0.149,4.5,17.7,10.8,7.0,1.6,1.1,8.7,14.2,101,113,0.1,0.8,0.029,-2.3,-0.2,-2.5,-0.2,0.152944
Malcolm Brogdon,24,MIL,75,26.4,4.1,28,1982,14.9,0.304,0.198,2.8,9.6,6.3,24.3,2.2,0.5,14.1,18.5,111,111,2.6,1.5,0.1,0.6,-1.1,-0.5,0.8,0.172827
Malcolm Delaney,27,ATL,73,17.1,0.1,2,1248,7.5,0.284,0.24,1.0,9.8,5.5,23.1,1.5,0.1,18.1,18.3,92,109,-1.1,1.3,0.005,-4.6,-1.2,-5.8,-1.2,0.09317
Manu Ginobili,39,SAS,69,18.7,3.0,0,1291,13.9,0.517,0.244,2.5,11.1,6.9,20.8,3.2,1.0,16.5,20.4,104,102,0.6,2.4,0.11,0.5,1.4,1.9,1.3,0.065494
Marc Gasol,32,MEM,74,34.2,7.7,74,2531,20.2,0.231,0.286,2.6,18.7,10.4,24.8,1.4,3.7,11.3,26.4,111,106,4.2,3.5,0.145,2.1,2.2,4.2,4.0,0.165048
Marcin Gortat,32,WAS,82,31.2,6.8,82,2556,15.5,0.003,0.236,10.6,26.8,18.7,6.8,0.8,2.1,13.7,14.7,117,108,3.9,2.9,0.128,-0.9,1.2,0.4,1.5,0.15912
Marco Belinelli,30,CHO,74,24.0,3.2,0,1778,13.3,0.46,0.273,0.9,10.2,5.5,13.1,1.2,0.4,9.2,19.2,110,112,2.0,1.2,0.088,0.1,-2.0,-1.9,0.1,0.02775
Marcus Morris,27,DET,79,32.5,3.9,79,2565,12.4,0.355,0.184,3.2,12.8,7.8,9.4,1.0,0.8,7.4,20.3,105,109,1.4,2.4,0.072,-0.3,-0.2,-0.5,1.0,0.163053
Marcus Smart,22,BOS,79,30.4,3.2,24,2399,12.0,0.443,0.334,3.7,10.5,7.1,22.0,2.6,1.2,15.6,18.8,102,108,0.5,2.7,0.064,-1.1,0.9,-0.3,1.0,0.229768
Mario Hezonja,21,ORL,65,14.8,-0.7,2,960,7.2,0.436,0.152,2.2,14.7,8.3,9.6,1.5,1.2,14.1,18.8,87,111,-1.4,0.7,-0.034,-4.8,-1.0,-5.8,-0.9,0.098098
Markieff Morris,27,WAS,76,31.2,4.1,76,2374,13.7,0.22,0.242,5.1,18.2,11.7,7.8,1.7,1.5,11.6,20.5,106,109,1.6,2.5,0.083,-1.3,0.2,-1.0,0.6,0.157825
Marquese Chriss,19,PHO,82,21.3,1.8,75,1743,12.3,0.354,0.286,5.8,16.1,10.8,5.2,1.8,3.2,13.2,19.7,102,110,0.3,1.5,0.05,-1.6,0.0,-1.6,0.2,0.134912
Marreese Speights,29,LAC,82,15.7,4.2,2,1286,17.6,0.505,0.25,7.9,24.1,16.2,8.1,0.9,2.6,10.2,23.6,114,106,2.5,1.7,0.156,1.5,-0.8,0.7,0.9,0.190762
Marvin Williams,30,CHO,76,30.2,5.0,76,2295,13.7,0.503,0.213,4.2,19.7,11.9,7.1,1.3,2.0,7.2,16.3,111,108,2.4,2.6,0.105,-0.3,0.5,0.2,1.3,0.0756
Mason Plumlee,26,TOT,81,26.5,6.0,64,2148,18.1,0.01,0.482,8.8,22.5,15.6,19.8,1.6,3.4,15.2,18.1,114,108,3.6,2.5,0.134,0.0,2.6,2.6,2.5,0.172584
Matt Barnes,36,TOT,74,24.0,2.0,18,1777,10.3,0.556,0.188,4.6,19.9,12.4,15.6,1.3,1.3,17.3,15.6,102,109,0.3,1.7,0.053,-1.2,0.6,-0.6,0.6,0.088788
Matthew Dellavedova,26,MIL,76,26.1,1.2,54,1986,9.4,0.403,0.18,1.4,7.1,4.3,25.7,1.4,0.0,18.8,16.3,102,114,0.3,0.9,0.029,-1.9,-2.8,-4.7,-1.4,0.231
Maurice Harkless,23,POR,77,28.9,4.2,69,2223,13.2,0.311,0.199,6.2,10.8,8.5,6.0,1.9,2.5,11.1,15.1,112,110,2.4,1.9,0.092,0.0,0.8,0.8,1.5,0.32334
Meyers Leonard,24,POR,74,16.5,1.4,12,1222,8.9,0.563,0.106,2.4,19.0,10.7,8.4,0.5,1.8,8.1,15.5,105,112,0.5,0.8,0.053,-2.1,-1.3,-3.4,-0.4,0.110568
Michael Beasley,28,MIL,56,16.7,1.8,6,935,17.8,0.106,0.259,5.0,18.9,12.0,9.9,1.5,2.5,12.7,25.3,106,108,0.8,1.0,0.093,-1.7,-1.1,-2.9,-0.2,0.16827
Michael Kidd-Gilchrist,23,CHO,81,29.0,5.8,81,2349,14.3,0.015,0.314,7.3,19.3,13.2,7.4,1.7,2.9,7.4,14.6,113,106,2.7,3.1,0.119,-2.0,2.2,0.2,1.3,0.140266
Mike Conley,29,MEM,69,33.2,10.0,68,2292,23.2,0.415,0.365,1.5,10.8,6.0,34.5,2.1,0.8,11.8,26.3,121,108,7.5,2.5,0.209,6.5,-0.7,5.8,4.5,0.061
Mike Dunleavy,36,TOT,53,15.9,1.5,2,841,10.1,0.609,0.205,2.4,12.4,7.5,8.6,0.9,0.7,10.5,14.0,112,111,0.8,0.7,0.086,-1.0,-1.2,-2.2,0.0,0.09438
Mike Muscala,25,ATL,70,17.7,3.4,3,1237,14.4,0.326,0.19,6.9,14.4,10.7,11.9,1.2,2.8,13.1,14.8,116,107,1.8,1.6,0.132,-0.4,1.5,1.1,1.0,0.214455
Mindaugas Kuzminskas,27,NYK,68,14.9,1.2,5,1016,12.4,0.455,0.184,5.0,8.4,6.7,10.3,1.4,0.9,11.3,19.2,107,114,0.8,0.4,0.055,-0.2,-2.5,-2.7,-0.2,0.33625
Mirza Teletovic,31,MIL,70,16.2,0.6,2,1133,8.8,0.73,0.108,1.1,15.4,8.3,6.4,0.5,1.0,7.8,19.1,99,113,-0.1,0.7,0.025,-1.5,-3.4,-4.9,-0.8,0.072325
Monta Ellis,31,IND,74,27.0,1.1,33,1998,10.0,0.242,0.23,1.1,10.3,5.7,17.2,2.0,1.2,18.0,16.8,97,110,-0.7,1.7,0.026,-2.5,0.2,-2.3,-0.2,0.063492
Montrezl Harrell,23,HOU,58,18.3,4.1,14,1064,19.2,0.02,0.351,8.3,14.2,11.2,9.6,0.9,3.2,9.9,17.6,129,110,3.1,1.0,0.183,0.8,0.2,0.9,0.8,0.278568
Myles Turner,20,IND,81,31.4,8.0,81,2541,18.5,0.132,0.349,6.2,19.5,13.0,6.6,1.5,6.0,9.5,19.5,115,105,4.3,3.7,0.151,-0.3,2.7,2.4,2.8,0.215952
Nemanja Bjelica,28,MIN,65,18.3,1.5,1,1190,11.0,0.497,0.171,5.5,18.6,12.0,9.6,1.7,1.4,13.4,16.4,105,111,0.6,0.9,0.059,-0.7,-0.4,-1.1,0.3,0.212271
Nene,34,HOU,67,17.9,4.1,8,1198,18.9,0.023,0.496,8.6,16.9,12.8,8.6,2.2,2.7,13.1,19.7,118,106,2.5,1.6,0.165,-0.4,0.9,0.5,0.8,0.197091
Nerlens Noel,22,TOT,51,20.5,4.0,19,1047,20.4,0.003,0.359,9.8,22.3,15.9,8.1,3.1,4.1,12.5,17.6,119,102,2.1,1.9,0.182,-0.5,3.8,3.3,1.4,0.188616
Nick Young,31,LAL,60,25.9,3.2,60,1556,14.1,0.665,0.142,1.7,8.2,4.8,5.8,1.2,0.7,5.1,19.5,118,116,3.0,0.2,0.098,2.6,-3.4,-0.7,0.5,0.17097
Nicolas Batum,28,CHO,77,34.0,4.5,77,2617,15.8,0.415,0.291,1.9,18.4,10.1,27.6,1.6,1.0,15.0,22.3,105,108,1.7,2.8,0.083,0.6,0.6,1.2,2.1,0.058339
Nik Stauskas,23,PHI,80,27.4,1.4,27,2188,9.0,0.566,0.237,1.1,10.3,5.7,12.9,1.0,1.2,15.5,16.4,100,112,0.1,1.4,0.031,-1.7,-0.7,-2.4,-0.2,0.065601
Nikola Jokic,21,DEN,73,27.9,9.7,59,2038,26.4,0.163,0.267,11.6,27.2,19.5,28.8,1.5,2.1,15.2,23.5,126,109,7.7,2.0,0.229,6.2,2.2,8.3,5.3,0.152796
Nikola Mirotic,25,CHI,70,24.0,3.8,15,1679,14.5,0.603,0.205,3.9,20.9,12.3,6.9,1.6,2.7,10.4,19.8,107,105,1.3,2.5,0.108,0.0,0.5,0.4,1.0,0.112081
Nikola Vucevic,26,ORL,75,28.8,4.0,55,2163,19.1,0.073,0.155,8.6,31.2,19.6,16.9,1.8,2.8,9.6,24.8,103,105,0.8,3.2,0.088,-1.3,2.4,1.1,1.7,0.143671
Noah Vonleh,21,POR,74,17.1,1.8,41,1265,10.8,0.074,0.348,11.4,22.5,17.0,3.4,1.2,1.7,17.1,13.1,106,110,0.6,1.2,0.069,-3.5,-0.3,-3.9,-0.6,0.232
Norman Powell,23,TOR,76,18.0,2.8,18,1368,14.0,0.342,0.314,2.2,11.7,6.9,9.3,1.9,0.9,10.8,21.1,109,109,1.4,1.4,0.097,-0.4,-1.2,-1.5,0.2,0.073006
Otto Porter,23,WAS,80,32.6,9.4,80,2605,17.3,0.425,0.148,5.1,17.1,11.1,6.7,2.2,1.3,4.8,15.1,129,108,6.5,2.9,0.173,3.0,0.9,3.9,3.9,0.1089
PJ Tucker,31,TOT,81,27.6,3.6,21,2236,10.5,0.407,0.193,5.6,17.8,11.6,6.0,2.5,0.7,11.2,11.2,109,109,1.4,2.2,0.078,-0.7,1.6,0.9,1.6,0.132
Pascal Siakam,22,TOR,55,15.6,1.6,38,859,11.5,0.034,0.156,8.4,15.9,12.2,2.9,1.5,4.5,13.1,13.1,106,106,0.4,1.2,0.089,-3.0,1.8,-1.1,0.2,0.1665
Patrick Beverley,28,HOU,67,30.7,5.3,67,2058,13.0,0.53,0.175,5.0,15.9,10.4,18.8,2.3,1.0,14.6,14.1,116,108,2.9,2.4,0.124,0.8,1.5,2.3,2.2,0.097236
Patrick McCaw,21,GSW,71,15.1,1.7,20,1074,8.6,0.502,0.151,2.4,7.6,5.2,9.0,1.4,1.1,12.1,11.9,107,108,0.6,1.2,0.077,-1.6,-0.1,-1.7,0.1,0.216931
Patrick Patterson,27,TOR,65,24.6,3.3,8,1599,10.8,0.659,0.156,4.4,16.2,10.3,6.6,1.3,1.2,8.5,12.5,115,109,1.7,1.6,0.1,0.5,0.4,0.9,1.2,0.161838
Patty Mills,28,SAS,80,21.9,5.1,8,1754,15.2,0.572,0.129,1.6,7.4,4.6,24.3,1.9,0.1,13.3,19.5,114,107,2.8,2.2,0.139,2.5,-1.2,1.3,1.5,0.077
Pau Gasol,36,SAS,64,25.4,6.4,39,1627,20.2,0.172,0.305,7.6,26.8,17.4,14.7,0.8,3.5,10.6,21.3,116,102,3.3,3.1,0.189,0.9,2.8,3.7,2.4,0.128443
Paul George,26,IND,75,35.9,7.1,75,2689,20.2,0.368,0.277,2.5,17.9,10.3,16.1,2.2,0.9,12.6,28.9,109,108,4.0,3.1,0.127,3.1,-0.3,2.8,3.2,0.047064
Paul Millsap,31,ATL,69,34.0,6.4,67,2343,17.8,0.248,0.417,5.3,19.5,12.5,17.9,1.9,2.3,12.1,24.4,108,104,2.6,3.8,0.132,0.5,2.1,2.7,2.7,0.136206
Rajon Rondo,30,CHI,69,26.7,2.3,42,1843,13.6,0.237,0.089,4.2,16.6,10.4,37.0,2.7,0.5,22.4,17.8,99,105,-0.3,2.7,0.061,-1.3,1.6,0.3,1.1,0.024192
Ramon Sessions,30,CHO,50,16.2,0.9,1,811,12.3,0.236,0.449,1.5,8.5,4.9,24.2,1.6,0.3,12.7,20.1,103,111,0.3,0.6,0.054,-2.4,-2.3,-4.8,-0.6,0.05
Randy Foye,33,BRK,69,18.6,0.2,40,1284,7.3,0.625,0.194,0.8,11.9,6.4,15.2,1.3,0.5,18.5,14.4,95,113,-0.6,0.7,0.006,-3.0,-1.0,-3.9,-0.6,0.03002
Raymond Felton,32,LAC,80,21.3,2.0,11,1700,10.9,0.28,0.125,2.2,11.8,7.1,16.3,2.0,1.1,13.3,16.5,101,109,0.2,1.8,0.055,-1.8,0.9,-0.9,0.5,0.14245
Reggie Jackson,26,DET,52,27.4,1.9,50,1424,14.9,0.272,0.201,1.6,7.3,4.3,30.3,1.2,0.3,13.4,26.4,103,111,0.8,1.2,0.065,0.6,-2.1,-1.4,0.2,0.0555
Richard Jefferson,36,CLE,79,20.4,2.1,13,1614,8.2,0.542,0.315,2.0,11.5,6.9,6.6,0.8,0.5,11.8,12.2,111,113,1.3,0.8,0.063,-1.3,-1.0,-2.4,-0.1,0.101132
Richaun Holmes,23,PHI,57,20.9,3.7,17,1193,18.6,0.187,0.25,8.7,20.1,14.4,8.3,1.7,3.7,10.7,18.6,117,106,2.2,1.6,0.151,0.2,1.5,1.7,1.1,0.217756
Ricky Rubio,26,MIN,75,32.9,6.1,75,2469,16.8,0.302,0.438,3.2,11.4,7.2,38.9,2.6,0.3,20.1,17.4,115,112,4.5,1.7,0.119,1.7,-1.0,0.8,1.7,0.130869
Robert Covington,26,PHI,67,31.6,3.1,67,2119,13.2,0.563,0.238,4.8,17.9,11.3,7.5,2.9,2.6,13.9,19.2,100,105,0.0,3.2,0.071,-0.7,2.0,1.4,1.8,0.145521
Robin Lopez,28,CHI,81,28.0,4.3,81,2271,14.4,0.003,0.134,11.4,13.2,12.3,5.6,0.4,4.1,9.9,17.5,108,108,1.8,2.4,0.09,-1.9,1.0,-0.9,0.6,0.385904
Rodney Hood,24,UTA,59,27.0,2.6,55,1593,12.4,0.461,0.173,1.2,13.1,7.3,10.1,1.3,0.6,8.3,22.9,104,107,0.7,1.9,0.078,-0.3,-0.9,-1.2,0.3,0.0762
Rodney McGruder,25,MIA,78,25.2,2.9,65,1966,9.1,0.478,0.154,5.3,9.2,7.2,8.8,1.2,0.7,10.2,12.3,108,110,1.2,1.7,0.072,-0.8,0.5,-0.4,0.8,0.190092
Ron Baker,23,NYK,52,16.5,-0.1,13,857,7.5,0.396,0.198,1.5,10.8,6.2,17.3,2.0,0.8,19.2,14.8,92,113,-0.6,0.5,-0.008,-3.5,-0.9,-4.4,-0.5,0.137094
Rondae Hollis-Jefferson,22,BRK,78,22.6,2.6,50,1761,13.7,0.124,0.467,5.8,21.1,13.6,13.4,2.2,1.9,15.1,18.7,102,107,0.4,2.2,0.07,-2.9,1.9,-1.0,0.4,0.121326
Rudy Gobert,24,UTA,81,33.9,14.3,81,2744,23.3,0.002,0.763,13.6,29.5,21.8,5.7,0.9,6.4,15.1,16.7,129,99,8.3,6.0,0.25,1.4,4.5,5.8,5.4,0.156176
Russell Westbrook,28,OKC,81,34.6,13.1,81,2802,30.6,0.3,0.433,5.4,28.8,17.1,57.3,2.3,0.9,15.9,41.7,112,104,8.5,4.6,0.224,10.9,4.7,15.6,12.4,0.062524
Ryan Anderson,28,HOU,72,29.4,5.2,72,2116,13.5,0.655,0.194,5.8,11.2,8.5,4.7,0.7,0.5,6.2,17.9,119,113,4.0,1.1,0.118,1.8,-2.6,-0.8,0.6,0.274364
Salah Mejri,30,DAL,73,12.4,3.0,11,905,14.8,0.022,0.445,11.9,28.4,19.8,2.4,1.8,6.1,19.6,10.6,121,102,1.3,1.7,0.159,-3.6,3.8,0.2,0.5,0.202191
Sam Dekker,22,HOU,77,18.4,3.1,2,1419,13.0,0.436,0.159,7.2,14.6,10.9,7.7,1.3,1.2,8.2,14.9,115,110,1.9,1.2,0.105,-0.4,-0.6,-1.1,0.3,0.15707
Sean Kilpatrick,27,BRK,70,25.1,1.4,24,1754,13.1,0.419,0.329,1.3,15.4,8.4,14.6,1.2,0.3,13.9,23.9,101,112,0.3,1.1,0.039,-1.2,-1.8,-3.0,-0.4,0.026999
Semaj Christon,24,OKC,64,15.2,0.1,1,973,5.7,0.283,0.139,2.2,7.9,5.0,18.1,1.4,0.5,15.4,12.2,91,111,-0.7,0.8,0.006,-5.0,-1.3,-6.3,-1.1,0.143
Serge Ibaka,27,TOT,79,30.7,5.1,79,2422,16.4,0.323,0.127,5.7,19.0,12.2,5.2,0.8,4.2,9.2,20.9,109,109,2.5,2.6,0.101,-0.5,0.1,-0.4,1.0,0.148005
Sergio Rodriguez,30,PHI,68,22.3,0.7,30,1518,11.0,0.47,0.05,1.5,9.9,5.7,35.4,1.5,0.2,18.9,19.3,99,112,-0.3,1.0,0.022,-1.6,-2.4,-4.0,-0.7,0.143
Seth Curry,26,DAL,70,29.0,4.6,42,2029,15.5,0.458,0.142,1.4,9.2,5.1,15.9,2.0,0.3,11.0,19.5,113,110,2.9,1.7,0.109,1.8,-0.4,1.4,1.7,0.025
Shabazz Muhammad,24,MIN,78,19.4,2.7,1,1516,14.9,0.244,0.318,6.4,10.6,8.5,3.7,0.7,0.3,7.6,21.5,114,116,2.5,0.2,0.086,-0.2,-4.3,-4.4,-0.9,0.282855
Shaun Livingston,31,GSW,76,17.7,2.6,3,1345,10.1,0.009,0.19,2.4,9.4,6.2,13.5,1.4,1.2,15.1,12.9,110,108,1.1,1.6,0.094,-2.5,0.5,-2.0,0.0,0.1576
Shelvin Mack,26,UTA,55,21.9,1.4,9,1205,10.9,0.315,0.202,2.0,10.1,6.1,20.4,1.8,0.2,17.8,19.6,99,107,-0.1,1.5,0.054,-1.7,-0.1,-1.8,0.1,0.039294
Solomon Hill,25,NOP,80,29.7,2.7,71,2374,8.0,0.566,0.268,2.3,11.4,6.8,8.1,1.5,1.1,13.3,11.5,103,109,0.4,2.3,0.055,-1.8,1.5,-0.3,1.0,0.127455
Spencer Dinwiddie,23,BRK,59,22.6,2.8,18,1334,12.7,0.334,0.526,2.2,10.7,6.5,20.3,1.6,1.3,15.1,14.1,116,112,1.9,0.9,0.101,-0.7,-0.2,-0.9,0.4,0.033616
Spencer Hawes,28,TOT,54,14.8,1.7,1,797,15.6,0.292,0.188,5.3,21.5,13.4,16.5,0.9,3.3,14.0,19.8,108,107,0.7,1.0,0.102,-1.2,0.8,-0.5,0.3,0.140154
Stanley Johnson,20,DET,77,17.8,0.4,1,1371,7.2,0.422,0.145,2.8,12.7,7.5,10.5,2.1,1.5,15.5,14.8,88,107,-1.4,1.8,0.012,-3.8,1.8,-2.0,0.0,0.102512
Stephen Curry,28,GSW,79,33.4,12.6,79,2638,24.6,0.547,0.251,2.7,11.4,7.3,31.1,2.6,0.5,13.0,30.1,119,105,8.6,3.9,0.229,7.7,-0.4,7.3,6.2,0.127491
Steven Adams,23,OKC,80,29.9,6.4,80,2389,16.5,0.002,0.392,13.0,15.5,14.2,5.4,1.8,2.6,16.0,16.2,114,107,3.3,3.1,0.13,-0.7,1.2,0.5,1.5,0.328994
TJ McConnell,24,PHI,81,26.3,3.8,51,2133,13.7,0.107,0.176,2.0,11.0,6.5,37.5,3.1,0.4,22.4,14.4,107,108,1.4,2.4,0.084,-2.0,0.1,-1.9,0.0,0.0976
TJ Warren,23,PHO,66,31.0,4.1,59,2048,15.6,0.12,0.189,6.5,11.7,9.0,5.8,1.8,1.5,6.1,19.2,113,113,3.0,1.1,0.096,0.2,-0.5,-0.3,0.9,0.2975
Taj Gibson,31,TOT,78,25.5,4.0,71,1989,15.1,0.018,0.223,8.6,18.0,13.2,5.9,1.1,2.6,11.9,19.3,107,107,1.6,2.5,0.098,-2.4,0.3,-2.1,0.0,0.231336
Tarik Black,25,LAL,67,16.3,2.4,16,1091,15.0,0.007,0.371,13.8,20.7,17.1,5.3,1.3,3.3,14.5,15.7,114,111,1.5,0.9,0.105,-1.8,0.2,-1.6,0.1,0.264132
Taurean Prince,22,ATL,59,16.6,1.1,10,981,9.8,0.358,0.33,2.8,14.6,8.8,8.4,2.2,2.4,15.7,17.2,96,105,-0.4,1.5,0.054,-3.8,1.5,-2.3,-0.1,0.108747
Terrence Jones,25,TOT,54,23.5,2.3,12,1270,16.1,0.153,0.346,5.4,20.2,12.7,7.3,1.5,3.5,7.8,21.4,103,105,0.4,1.9,0.087,-2.7,1.3,-1.4,0.2,0.160952
Terrence Ross,25,TOT,78,25.1,3.5,24,1955,13.4,0.524,0.103,1.0,10.9,5.9,7.1,2.3,1.4,8.0,19.3,107,109,1.5,2.0,0.086,0.4,-0.6,-0.2,0.9,0.102712
Terry Rozier,22,BOS,74,17.1,1.4,0,1263,10.8,0.436,0.161,3.6,16.3,10.0,15.2,1.8,0.7,9.7,17.1,100,108,0.0,1.4,0.053,-2.5,0.0,-2.5,-0.2,0.103275
Thabo Sefolosha,32,ATL,62,25.7,3.3,42,1596,11.9,0.304,0.19,3.8,14.7,9.3,9.9,3.0,1.7,11.9,13.3,105,103,0.6,2.7,0.098,-1.9,3.1,1.2,1.3,0.09216
Thaddeus Young,28,IND,74,30.2,4.6,74,2237,14.9,0.172,0.125,6.7,15.8,11.3,8.4,2.6,1.2,11.7,16.5,109,107,1.9,2.7,0.099,0.0,1.5,1.5,2.0,0.194438
Tim Frazier,26,NOP,65,23.5,2.4,35,1525,12.4,0.317,0.319,2.3,9.7,6.0,31.4,1.8,0.3,18.0,16.3,106,110,1.0,1.4,0.075,-1.5,-0.7,-2.2,-0.1,0.106704
Tim Hardaway,24,ATL,79,27.3,4.8,30,2154,15.2,0.457,0.235,1.8,9.5,5.7,14.3,1.3,0.6,9.5,22.5,110,109,2.7,2.1,0.107,1.3,-1.5,-0.3,0.9,0.136851
Timofey Mozgov,30,LAL,54,20.4,1.1,52,1104,12.3,0.003,0.238,9.9,16.4,13.1,5.9,0.7,2.3,16.6,16.8,106,114,0.7,0.4,0.048,-2.8,-0.8,-3.6,-0.4,0.241432
Timothe Luwawu-Cabarrot,21,PHI,69,17.2,0.8,19,1190,8.5,0.446,0.341,2.3,11.5,6.9,9.6,1.3,0.7,15.0,17.8,100,112,0.0,0.8,0.034,-2.8,-1.2,-4.0,-0.6,0.1028
Tobias Harris,24,DET,82,31.3,6.9,48,2567,16.9,0.295,0.213,2.6,15.6,8.8,8.8,1.2,1.3,7.6,21.7,113,108,4.0,2.8,0.129,1.1,0.1,1.2,2.1,0.116522
Tomas Satoransky,25,WAS,57,12.6,0.6,3,719,8.5,0.253,0.226,3.9,9.1,6.5,16.7,1.8,0.7,19.1,12.1,102,111,0.1,0.5,0.041,-2.9,-0.2,-3.1,-0.2,0.11858
Tony Allen,35,MEM,71,27.0,3.1,66,1914,13.3,0.091,0.218,9.6,13.8,11.7,8.4,3.1,1.4,13.3,17.9,101,105,0.2,2.9,0.077,-1.8,2.4,0.7,1.3,0.260043
Tony Parker,34,SAS,63,25.2,3.0,63,1587,13.0,0.121,0.206,0.7,7.3,4.0,27.8,1.1,0.1,12.5,20.2,107,109,1.4,1.7,0.091,-1.2,-1.7,-3.0,-0.4,0.023881
Tony Snell,25,MIL,80,29.2,3.4,80,2336,9.7,0.656,0.107,1.1,11.1,6.2,5.9,1.2,0.5,8.8,12.1,114,113,2.1,1.3,0.071,0.2,-1.1,-0.8,0.7,0.056283
Trevor Ariza,31,HOU,80,34.7,6.0,80,2773,12.3,0.695,0.158,2.1,15.9,9.0,8.8,2.5,0.6,8.0,14.1,113,108,2.8,3.2,0.104,0.7,1.0,1.7,2.6,0.066542
Trevor Booker,29,BRK,71,24.7,3.1,43,1754,15.7,0.132,0.186,8.7,25.5,17.2,12.9,2.1,1.2,16.6,18.7,105,107,0.9,2.2,0.086,-1.6,1.8,0.2,1.0,0.110213
Trey Burke,24,WAS,57,12.3,0.5,0,703,10.8,0.275,0.114,1.1,6.4,3.8,20.7,0.8,0.6,15.2,19.6,103,114,0.3,0.3,0.036,-2.3,-3.4,-5.7,-0.7,0.03575
Trey Lyles,21,UTA,71,16.3,0.8,4,1158,10.0,0.465,0.18,4.9,18.1,11.7,9.6,1.2,1.4,11.9,21.7,94,106,-0.9,1.6,0.032,-2.9,-0.1,-3.0,-0.3,0.072846
Tristan Thompson,25,CLE,78,29.9,7.3,78,2336,15.3,0.007,0.487,14.0,19.6,16.9,4.6,0.8,2.9,10.8,11.3,128,109,5.0,2.3,0.15,0.0,1.5,1.5,2.1,0.24072
Troy Daniels,25,MEM,67,17.7,1.3,3,1183,10.4,0.717,0.109,2.0,7.9,4.8,6.6,0.9,0.3,8.0,21.7,104,112,0.5,0.8,0.051,0.3,-3.4,-3.1,-0.3,0.1545
Ty Lawson,29,SAC,69,25.1,3.2,24,1732,15.4,0.226,0.416,3.0,8.9,6.0,30.0,2.2,0.3,17.3,19.5,110,113,2.2,1.0,0.088,0.2,-1.5,-1.3,0.3,0.184
Tyler Ennis,22,TOT,53,11.1,0.4,2,588,11.0,0.337,0.12,1.8,6.8,4.3,21.7,2.1,0.3,17.0,19.1,102,114,0.1,0.3,0.033,-2.1,-2.7,-4.7,-0.4,0.08325
Tyler Johnson,24,MIA,73,29.8,5.8,0,2178,15.9,0.303,0.308,2.5,12.5,7.4,16.6,1.9,1.6,8.8,20.9,112,107,3.1,2.7,0.128,0.7,0.7,1.5,1.9,0.10092
Tyler Ulis,21,PHO,61,18.4,0.7,15,1123,13.0,0.181,0.162,1.9,7.5,4.6,30.5,2.0,0.4,14.1,20.3,102,114,0.3,0.4,0.029,-1.4,-2.5,-4.0,-0.6,0.04
Tyler Zeller,27,BOS,51,10.3,1.0,5,525,13.0,0.006,0.247,9.2,17.0,13.2,12.2,0.7,3.3,10.2,16.5,109,109,0.5,0.6,0.094,-3.2,0.8,-2.5,-0.1,0.293662
Tyus Jones,20,MIN,60,12.9,1.5,0,774,13.8,0.403,0.238,1.5,8.7,5.0,28.0,3.1,0.6,16.0,13.6,114,111,1.0,0.6,0.095,-0.4,-1.5,-1.9,0.0,0.03575
Victor Oladipo,24,OKC,67,33.2,4.0,67,2222,13.6,0.378,0.165,1.9,12.6,7.2,12.5,1.7,0.8,10.6,21.4,106,109,1.7,2.3,0.085,-0.4,-0.9,-1.3,0.4,0.060024
Vince Carter,40,MEM,73,24.6,4.0,15,1799,11.7,0.604,0.235,2.2,12.5,7.2,11.5,1.7,1.9,8.5,14.9,112,108,1.9,2.1,0.106,0.1,0.9,1.0,1.4,0.143208
Wayne Ellington,29,MIA,62,24.2,3.3,13,1500,12.6,0.71,0.077,1.3,8.6,4.9,7.1,1.2,0.2,5.0,17.9,114,111,2.1,1.2,0.105,1.8,-1.9,-0.2,0.7,0.0358
Wesley Johnson,29,LAC,68,11.9,0.9,3,810,8.4,0.59,0.085,3.7,20.8,12.5,3.9,1.8,3.0,8.0,12.5,94,105,-0.3,1.2,0.051,-3.4,1.6,-1.8,0.0,0.062604
Wesley Matthews,30,DAL,73,34.2,3.1,73,2495,11.9,0.566,0.211,0.8,11.8,6.0,13.6,1.6,0.6,9.9,19.4,104,110,1.0,2.1,0.06,0.2,-0.1,0.1,1.3,0.028819
Will Barton,26,DEN,60,28.4,3.3,19,1705,15.5,0.353,0.285,3.8,12.8,8.4,17.7,1.4,1.3,11.5,21.1,112,114,2.5,0.8,0.093,1.3,-1.0,0.3,1.0,0.057915
Willie Cauley-Stein,23,SAC,75,18.9,3.0,21,1421,16.4,0.004,0.314,7.0,20.5,13.8,9.4,1.9,2.9,11.2,19.6,109,108,1.4,1.5,0.1,-2.0,0.9,-1.1,0.3,0.197566
Willie Reed,26,MIA,71,14.5,3.6,5,1031,17.1,0.014,0.309,13.7,22.0,17.8,3.9,0.9,3.6,8.7,15.3,122,105,2.1,1.5,0.168,-1.3,0.7,-0.6,0.4,0.228528
Willy Hernangomez,22,NYK,72,18.4,3.4,22,1324,18.9,0.032,0.269,13.8,27.1,20.4,11.5,1.5,2.2,16.1,20.3,111,108,1.8,1.6,0.123,-0.6,0.6,0.0,0.7,0.185344
Wilson Chandler,29,DEN,71,30.9,3.6,33,2197,14.9,0.347,0.207,5.2,17.7,11.5,9.8,1.2,1.1,10.0,22.0,109,113,2.4,1.1,0.078,0.5,-1.3,-0.8,0.7,0.123453
Zach Randolph,35,MEM,73,24.5,3.2,5,1786,18.5,0.098,0.2,11.3,27.4,19.1,13.5,1.1,0.5,8.6,29.2,103,106,0.8,2.4,0.086,-1.4,-0.7,-2.1,0.0,0.176098
Zaza Pachulia,32,GSW,70,18.1,4.7,70,1268,16.1,0.007,0.41,12.9,22.0,17.7,13.6,2.2,2.0,19.5,15.3,117,101,2.2,2.5,0.177,-0.3,3.0,2.7,1.5,0.1865
