player,player_id,pie,ts_pct,dreb_pct,efg_pct,def_rating,treb_pct,usg_pct,oreb_pct,pace,ast_ratio,ast_tov,ast_pct,off_rating
Patric Young,203942.0,,,,,,,,,,,,,
Pau Gasol,2200.0,0.13200000000000001,0.55700000000000005,0.27700000000000002,0.52700000000000002,105.684,0.0,0.20799999999999999,0.081000000000000003,95.917000000000002,16.643000000000001,1.1659999999999999,0.14000000000000001,110.645
Tibor Pleiss,202353.0,,,,,,,,,,,,,
Jodie Meeks,201975.0,0.070000000000000007,0.51300000000000001,0.11700000000000001,0.46000000000000002,110.828,0.0,0.20000000000000001,0.0070000000000000001,100.276,11.608000000000001,0.39600000000000002,0.086999999999999994,103.45
Joakim Noah,201149.0,0.091999999999999998,0.438,0.25800000000000001,0.44900000000000001,113.104,0.0,0.123,0.158,98.266000000000005,26.378,1.089,0.13800000000000001,103.685
Derrick Williams,202682.0,0.027,0.55000000000000004,0.14799999999999999,0.52800000000000002,109.489,0.0,0.17699999999999999,0.025000000000000001,96.486000000000004,6.2439999999999998,0.13,0.051999999999999998,104.539
Randy Foye,200751.0,0.052999999999999999,0.45600000000000002,0.13,0.42599999999999999,108.759,0.0,0.14199999999999999,0.0080000000000000002,104.178,24.404,0.95199999999999996,0.151,101.71599999999999
Robbie Hummel,203133.0,,,,,,,,,,,,,
Mike Miller,2034.0,0.063,0.25700000000000001,0.25900000000000001,0.20000000000000001,115.56,0.0,0.13400000000000001,0.017999999999999999,118.114,25.969000000000001,0.52500000000000002,0.14999999999999999,100.61
Jorge Gutierrez,203268.0,,,,,,,,,,,,,
Draymond Green,203110.0,0.121,0.52700000000000002,0.20799999999999999,0.47899999999999998,98.254999999999995,0.0,0.161,0.042000000000000003,103.479,36.165999999999997,3.2160000000000002,0.26400000000000001,115.825
Kyle Lowry,200768.0,0.14199999999999999,0.624,0.11799999999999999,0.57399999999999995,104.88200000000001,0.0,0.24399999999999999,0.021999999999999999,96.581999999999994,25.440000000000001,2.6549999999999998,0.28799999999999998,112.245
Carlos Boozer,2430.0,,,,,,,,,,,,,
Jannero Pargo,2457.0,,,,,,,,,,,,,
Raymond Felton,101109.0,0.069000000000000006,0.48899999999999999,0.11600000000000001,0.46600000000000003,109.526,0.0,0.159,0.021000000000000001,97.355999999999995,20.638000000000002,1.204,0.155,103.41200000000001
Austin Daye,201948.0,,,,,,,,,,,,,
Aaron Harrison,1626151.0,-0.125,0.052999999999999999,0.20000000000000001,0.0,94.439999999999998,0.0,0.127,0.0,91.670000000000002,36.938000000000002,0.0,0.29999999999999999,90.200000000000003
Thaddeus Young,201152.0,0.097000000000000003,0.55000000000000004,0.14999999999999999,0.54800000000000004,105.279,0.0,0.16800000000000001,0.073999999999999996,98.903000000000006,13.542,0.83899999999999997,0.083000000000000004,106.485
Kostas Papanikolaou,203123.0,,,,,,,,,,,,,
Kevin Love,201567.0,0.14699999999999999,0.56599999999999995,0.29799999999999999,0.51000000000000001,105.20399999999999,0.0,0.25,0.082000000000000003,99.405000000000001,9.4540000000000006,0.95299999999999996,0.092999999999999999,113.627
KJ McDaniels,203909.0,0.078,0.41399999999999998,0.14599999999999999,0.39200000000000002,104.31399999999999,0.0,0.17999999999999999,0.035000000000000003,96.918000000000006,5.2489999999999997,0.16,0.033000000000000002,106.529
Nikola Vucevic,202696.0,0.14000000000000001,0.48899999999999999,0.308,0.47299999999999998,106.748,0.0,0.24199999999999999,0.083000000000000004,100.602,14.708,1.397,0.157,101.837
Kelly Oubre,1626162.0,0.048000000000000001,0.46700000000000003,0.14699999999999999,0.432,108.991,0.0,0.159,0.040000000000000001,100.93600000000001,6.2510000000000003,0.26200000000000001,0.040000000000000001,103.27
Aaron Brooks,201166.0,0.037999999999999999,0.42699999999999999,0.069000000000000006,0.40300000000000002,108.035,0.0,0.185,0.024,96.227000000000004,22.997,0.90000000000000002,0.218,97.388999999999996
Larry Nance Jr.,1626204.0,0.084000000000000005,0.58599999999999997,0.19600000000000001,0.52800000000000002,108.57299999999999,0.0,0.13300000000000001,0.087999999999999995,101.303,15.663,0.64100000000000001,0.088999999999999996,101.33799999999999
Chauncey Billups,1497.0,,,,,,,,,,,,,
George Hill,201588.0,0.126,0.59399999999999997,0.104,0.55600000000000005,101.629,0.0,0.23300000000000001,0.02,92.611000000000004,20.196000000000002,1.9830000000000001,0.22,109.66800000000001
Jordan Hamilton,202706.0,,,,,,,,,,,,,
Jarell Martin,1626185.0,0.050999999999999997,0.43099999999999999,0.20200000000000001,0.35199999999999998,101.11799999999999,0.0,0.159,0.092999999999999999,97.647999999999996,3.238,0.078,0.037999999999999999,97.387
Isaiah Thomas,202738.0,0.156,0.61399999999999999,0.076999999999999999,0.53500000000000003,108.836,0.0,0.33000000000000002,0.017000000000000001,99.546000000000006,19.463000000000001,2.698,0.315,112.8
Jeremy Evans,202379.0,,,,,,,,,,,,,
Jared Sullinger,203096.0,-0.081000000000000003,0.20999999999999999,0.18099999999999999,0.20899999999999999,107.509,0.0,0.186,0.085000000000000006,96.545000000000002,2.6269999999999998,0.044999999999999998,0.039,92.099999999999994
Paul Millsap,200794.0,0.128,0.54700000000000004,0.20000000000000001,0.48699999999999999,103.137,0.0,0.247,0.050000000000000003,100.425,15.476000000000001,1.4950000000000001,0.17499999999999999,104.345
Avery Bradley,202340.0,0.094,0.54800000000000004,0.14799999999999999,0.53300000000000003,108.229,0.0,0.218,0.039,98.593999999999994,11.629,1.1759999999999999,0.104,109.32899999999999
Joe Johnson,2207.0,0.084000000000000005,0.50800000000000001,0.129,0.48699999999999999,105.54900000000001,0.0,0.188,0.021999999999999999,93.524000000000001,15.510999999999999,1.1639999999999999,0.124,107.39
Will Barton,203115.0,0.092999999999999999,0.52700000000000002,0.13100000000000001,0.48599999999999999,110.818,0.0,0.21099999999999999,0.036999999999999998,99.974999999999994,19.285,1.911,0.184,106.93000000000001
Nik Stauskas,203917.0,0.067000000000000004,0.53600000000000003,0.10000000000000001,0.496,107.063,0.0,0.16200000000000001,0.010999999999999999,100.346,18.283999999999999,1.212,0.13,102.705
Devin Booker,1626164.0,0.085000000000000006,0.52400000000000002,0.081000000000000003,0.46899999999999997,110.136,0.0,0.28299999999999997,0.017000000000000001,103.833,12.217000000000001,1.4419999999999999,0.16,105.60899999999999
Jerami Grant,203924.0,0.057000000000000002,0.58799999999999997,0.11899999999999999,0.55100000000000005,108.575,0.0,0.124,0.027,101.66,8.5850000000000009,0.21199999999999999,0.042000000000000003,100.762
James Jones,2592.0,0.097000000000000003,0.45500000000000002,0.123,0.42599999999999999,109.369,0.0,0.17399999999999999,0.0060000000000000001,94.171999999999997,4.7169999999999996,0.17299999999999999,0.029000000000000001,100.983
DeMarcus Cousins,202326.0,0.17699999999999999,0.55600000000000005,0.30299999999999999,0.49299999999999999,109.14100000000001,0.0,0.36299999999999999,0.070000000000000007,97.141999999999996,14.109999999999999,1.4570000000000001,0.26000000000000001,106.46299999999999
Michael Carter-Williams,203487.0,0.062,0.42199999999999999,0.14799999999999999,0.36099999999999999,102.867,0.0,0.20300000000000001,0.028000000000000001,98.950999999999993,24.021999999999998,1.1990000000000001,0.22,101.184
Caron Butler,2406.0,,,,,,,,,,,,,
Julius Randle,203944.0,0.108,0.52100000000000002,0.25700000000000001,0.48099999999999998,113.669,0.0,0.218,0.072999999999999995,101.10599999999999,18.853000000000002,1.5900000000000001,0.19,101.941
Marc Gasol,201188.0,0.14999999999999999,0.55000000000000004,0.187,0.498,106.011,0.0,0.26400000000000001,0.027,93.834999999999994,18.616,2.1640000000000001,0.23899999999999999,106.669
DJ White,201591.0,,,,,,,,,,,,,
Tony Parker,2225.0,0.091999999999999998,0.49399999999999999,0.075999999999999998,0.46200000000000002,103.758,0.0,0.214,0.0080000000000000002,93.338999999999999,27.481999999999999,1.913,0.27100000000000002,109.262
PJ Hairston,203798.0,,,,,,,,,,,,,
Richaun Holmes,1626158.0,0.114,0.62,0.188,0.60199999999999998,110.90900000000001,0.0,0.191,0.091999999999999998,100.494,9.7370000000000001,0.40799999999999997,0.085000000000000006,102.94
LeBron James,2544.0,0.188,0.626,0.20699999999999999,0.59899999999999998,106.03400000000001,0.0,0.29999999999999999,0.035999999999999997,98.304000000000002,24.457999999999998,2.6600000000000001,0.374,115.872
Brook Lopez,201572.0,0.123,0.57599999999999996,0.13400000000000001,0.52700000000000002,108.10899999999999,0.0,0.28999999999999998,0.057000000000000002,104.10599999999999,10.295,1.248,0.14399999999999999,103.235
Dwight Powell,203939.0,0.104,0.57499999999999996,0.20000000000000001,0.50900000000000001,112.369,0.0,0.16700000000000001,0.074999999999999997,95.036000000000001,8.048,0.22700000000000001,0.053999999999999999,101.09099999999999
Damian Lillard,203081.0,0.156,0.58099999999999996,0.13300000000000001,0.51200000000000001,109.351,0.0,0.309,0.019,100.32599999999999,17.861999999999998,2.4729999999999999,0.26600000000000001,108.94199999999999
Zach Randolph,2216.0,0.14499999999999999,0.48199999999999998,0.28599999999999998,0.45300000000000001,105.851,0.0,0.28699999999999998,0.105,94.152000000000001,8.9220000000000006,0.96899999999999997,0.126,102.97199999999999
Nazr Mohammed,1737.0,,,,,,,,,,,,,
DeAndre Liggins,202732.0,0.045999999999999999,0.33500000000000002,0.13500000000000001,0.30399999999999999,107.455,0.0,0.127,0.034000000000000002,104.51900000000001,17.567,0.42099999999999999,0.091999999999999998,99.631
Luke Ridnour,2557.0,,,,,,,,,,,,,
Malcolm Thomas,202952.0,,,,,,,,,,,,,
Enes Kanter,202683.0,0.13500000000000001,0.57899999999999996,0.20200000000000001,0.53100000000000003,110.962,0.0,0.28100000000000003,0.13700000000000001,99.640000000000001,5.9210000000000003,0.434,0.079000000000000001,105.617
Ty Lawson,201951.0,0.096000000000000002,0.51300000000000001,0.083000000000000004,0.45100000000000001,108.866,0.0,0.19700000000000001,0.029000000000000001,98.683999999999997,28.925000000000001,2.5619999999999998,0.29499999999999998,102.17100000000001
Wesley Matthews,202083.0,0.082000000000000003,0.52600000000000002,0.11600000000000001,0.48799999999999999,106.959,0.0,0.19700000000000001,0.01,94.106999999999999,17.495000000000001,1.7789999999999999,0.14000000000000001,103.867
Ronald Roberts,204040.0,,,,,,,,,,,,,
Sergey Karasev,203508.0,,,,,,,,,,,,,
Henry Walker,201611.0,,,,,,,,,,,,,
Elijah Millsap,202407.0,-0.025999999999999999,0.26100000000000001,0.14999999999999999,0.25,92.599999999999994,0.0,0.19700000000000001,0.125,94.599999999999994,7.1500000000000004,0.5,0.063,91.200000000000003
Bryce Cotton,203955.0,,,,,,,,,,,,,
Mario Chalmers,201596.0,,,,,,,,,,,,,
Terry Rozier,1626179.0,0.083000000000000004,0.438,0.16200000000000001,0.41799999999999998,101.98099999999999,0.0,0.17000000000000001,0.035000000000000003,98.558999999999997,21.863,0.70999999999999996,0.17599999999999999,101.107
Jerel McNeal,202077.0,,,,,,,,,,,,,
Sasha Vujacic,2756.0,0.017999999999999999,0.34699999999999998,0.111,0.32200000000000001,97.359999999999999,0.0,0.187,0.014,95.805999999999997,17.407,0.54400000000000004,0.20499999999999999,90.978999999999999
Reggie Evans,2501.0,,,,,,,,,,,,,
James Southerland,203480.0,,,,,,,,,,,,,
Dionte Christmas,202091.0,,,,,,,,,,,,,
Justise Winslow,1626159.0,0.050999999999999997,0.379,0.121,0.35399999999999998,101.039,0.0,0.20200000000000001,0.042000000000000003,97.233999999999995,18.378,1.9379999999999999,0.14999999999999999,100.983
Jeff Adrien,202399.0,,,,,,,,,,,,,
A.J. Price,201985.0,,,,,,,,,,,,,
Salah Mejri,1626257.0,0.071999999999999995,0.501,0.28000000000000003,0.46000000000000002,107.205,0.0,0.106,0.112,93.516000000000005,4.8819999999999997,0.074999999999999997,0.025999999999999999,103.068
Jordan McRae,203895.0,0.068000000000000005,0.39300000000000002,0.094,0.38,107.59699999999999,0.0,0.184,0.010999999999999999,96.694000000000003,7.649,0.13500000000000001,0.10299999999999999,107.078
Khris Middleton,203114.0,0.107,0.55200000000000005,0.14799999999999999,0.498,103.818,0.0,0.22800000000000001,0.012999999999999999,94.359999999999999,19.815000000000001,1.4910000000000001,0.188,108.36499999999999
Jabari Brown,203913.0,,,,,,,,,,,,,
Daniel Orton,202350.0,,,,,,,,,,,,,
Casper Ware,203810.0,,,,,,,,,,,,,
TJ Warren,203933.0,0.083000000000000004,0.52600000000000002,0.111,0.502,112.545,0.0,0.185,0.064000000000000001,103.349,7.3410000000000002,0.39900000000000002,0.057000000000000002,106.294
Al-Farouq Aminu,202329.0,0.087999999999999995,0.50700000000000001,0.23200000000000001,0.46800000000000003,105.90900000000001,0.0,0.158,0.042999999999999997,99.152000000000001,12.720000000000001,0.72199999999999998,0.081000000000000003,107.003
Al Horford,201143.0,0.13200000000000001,0.59099999999999997,0.18099999999999999,0.56699999999999995,106.849,0.0,0.19400000000000001,0.049000000000000002,98.325000000000003,26.145,3.0270000000000001,0.246,110.72799999999999
Reggie Williams,202130.0,0.062,0.373,0.045999999999999999,0.32600000000000001,107.483,0.0,0.127,0.017000000000000001,102.748,16.199999999999999,0.0,0.095000000000000001,94.549999999999997
Adonis Thomas,203519.0,,,,,,,,,,,,,
Kyle O'Quinn,203124.0,0.129,0.51900000000000002,0.23599999999999999,0.503,111.17,0.0,0.184,0.13400000000000001,98.045000000000002,17.381,0.91100000000000003,0.14999999999999999,100.31
Festus Ezeli,203105.0,,,,,,,,,,,,,
James Johnson,201949.0,0.11600000000000001,0.55900000000000005,0.16500000000000001,0.52900000000000003,102.238,0.0,0.218,0.035999999999999997,98.802999999999997,20.375,1.762,0.20100000000000001,104.179
Duje Dukan,1626251.0,,,,,,,,,,,,,
Amir Johnson,101161.0,0.049000000000000002,0.59199999999999997,0.158,0.58399999999999996,106.616,0.0,0.13500000000000001,0.078,97.957999999999998,19.126999999999999,0.70499999999999996,0.107,107.58499999999999
Jonathon Simmons,203613.0,-0.001,0.46899999999999997,0.098000000000000004,0.40999999999999998,99.516000000000005,0.0,0.17799999999999999,0.017999999999999999,97.662999999999997,19.393999999999998,0.82199999999999995,0.14000000000000001,103.806
Luis Montero,1626242.0,,,,,,,,,,,,,
Greg Oden,201141.0,,,,,,,,,,,,,
Hasheem Thabeet,201934.0,,,,,,,,,,,,,
Dorell Wright,2748.0,,,,,,,,,,,,,
Jeff Withey,203481.0,0.17100000000000001,0.48899999999999999,0.16800000000000001,0.39900000000000002,103.617,0.0,0.16500000000000001,0.124,112.896,2.5489999999999999,0.037999999999999999,0.021999999999999999,101.223
Chris Kaman,2549.0,,,,,,,,,,,,,
Walter Tavares,204002.0,0.13600000000000001,0.60399999999999998,0.214,0.875,66.0,0.0,0.182,0.086999999999999994,90.584999999999994,6.7000000000000002,0.25,0.042000000000000003,112.5
Joe Young,1626202.0,-0.073999999999999996,0.27900000000000003,0.109,0.25600000000000001,117.08499999999999,0.0,0.28899999999999998,0.002,94.734999999999999,8.782,0.044999999999999998,0.13400000000000001,83.129999999999995
Ersan Ilyasova,101141.0,0.10299999999999999,0.54400000000000004,0.182,0.505,104.16200000000001,0.0,0.215,0.067000000000000004,101.598,10.84,0.89500000000000002,0.10299999999999999,102.35599999999999
O.J. Mayo,201564.0,,,,,,,,,,,,,
Donatas Motiejunas,202700.0,0.040000000000000001,0.374,0.183,0.34899999999999998,115.556,0.0,0.16800000000000001,0.062,100.922,12.694000000000001,0.27000000000000002,0.082000000000000003,100.315
Jason Smith,201160.0,0.068000000000000005,0.56499999999999995,0.19600000000000001,0.55200000000000005,110.65600000000001,0.0,0.17199999999999999,0.069000000000000006,98.680000000000007,6.6449999999999996,0.214,0.050000000000000003,103.40600000000001
Brandon Rush,201575.0,0.029000000000000001,0.41099999999999998,0.097000000000000003,0.39600000000000002,110.31100000000001,0.0,0.096000000000000002,0.014,97.513999999999996,16.452000000000002,0.32600000000000001,0.064000000000000001,107.22199999999999
Manu Ginobili,1938.0,0.079000000000000001,0.49399999999999999,0.115,0.45100000000000001,102.205,0.0,0.19600000000000001,0.025999999999999999,100.27,23.535,1.262,0.20499999999999999,108.626
Josh Powell,2694.0,,,,,,,,,,,,,
Antawn Jamison,1712.0,,,,,,,,,,,,,
Kevin Garnett,708.0,,,,,,,,,,,,,
Leandro Barbosa,2571.0,0.058999999999999997,0.44600000000000001,0.106,0.42799999999999999,109.01900000000001,0.0,0.20699999999999999,0.02,100.45099999999999,16.286999999999999,0.437,0.14099999999999999,100.807
Courtney Lee,201584.0,0.076999999999999999,0.55100000000000005,0.092999999999999999,0.53000000000000003,111.227,0.0,0.14599999999999999,0.021999999999999999,98.021000000000001,17.626000000000001,1.052,0.106,105.392
Jarvis Varnado,202363.0,,,,,,,,,,,,,
Cliff Alexander,1626146.0,,,,,,,,,,,,,
Luol Deng,2736.0,0.073999999999999996,0.41999999999999998,0.16900000000000001,0.39900000000000002,108.468,0.0,0.14399999999999999,0.042000000000000003,100.762,12.625,0.83899999999999997,0.073999999999999996,101.143
Toure Murry,203315.0,,,,,,,,,,,,,
Jordan Hill,201941.0,0.024,0.37,0.121,0.20799999999999999,104.929,0.0,0.14599999999999999,0.16400000000000001,84.947000000000003,0.0,0.0,0.0,113.143
Sam Dekker,1626155.0,0.079000000000000001,0.496,0.14099999999999999,0.495,108.446,0.0,0.14799999999999999,0.070000000000000007,102.19,11.539999999999999,0.38200000000000001,0.075999999999999998,107.53100000000001
Eric Bledsoe,202339.0,0.13700000000000001,0.56200000000000006,0.14499999999999999,0.48399999999999999,110.86799999999999,0.0,0.28000000000000003,0.025000000000000001,103.358,22.314,2.258,0.31,105.771
Zaza Pachulia,2585.0,0.099000000000000005,0.59599999999999997,0.22700000000000001,0.54000000000000004,99.611999999999995,0.0,0.156,0.11600000000000001,102.852,21.869,1.0900000000000001,0.13300000000000001,115.264
Josh Smith,2746.0,,,,,,,,,,,,,
Lucas Nogueira,203512.0,0.080000000000000002,0.503,0.18099999999999999,0.47899999999999998,96.572999999999993,0.0,0.091999999999999998,0.079000000000000001,107.28400000000001,13.843,0.308,0.045999999999999999,109.38200000000001
David Stockton,204065.0,,,,,,,,,,,,,
Jamal Crawford,2037.0,0.075999999999999998,0.498,0.058000000000000003,0.45900000000000002,108.28,0.0,0.224,0.0080000000000000002,97.945999999999998,15.93,1.4430000000000001,0.158,106.955
Joe Ingles,204060.0,0.073999999999999996,0.58099999999999996,0.13800000000000001,0.56200000000000006,105.146,0.0,0.13400000000000001,0.012,94.093000000000004,27.949000000000002,1.3400000000000001,0.17299999999999999,107.657
Anthony Bennett,203461.0,0.123,0.47799999999999998,0.20100000000000001,0.44900000000000001,114.483,0.0,0.187,0.099000000000000005,101.91200000000001,7.9779999999999998,0.34799999999999998,0.105,116.309
Tarik Black,204028.0,0.048000000000000001,0.54000000000000004,0.21199999999999999,0.47099999999999997,107.024,0.0,0.157,0.13100000000000001,101.029,7.9130000000000003,0.30099999999999999,0.044999999999999998,100.58499999999999
Tyler Johnson,204020.0,0.105,0.52100000000000002,0.125,0.47699999999999998,103.559,0.0,0.20699999999999999,0.027,98.003,17.963000000000001,1.6839999999999999,0.17199999999999999,103.88800000000001
Frank Kaminsky,1626163.0,0.082000000000000003,0.49399999999999999,0.16200000000000001,0.46200000000000002,108.127,0.0,0.219,0.032000000000000001,98.236000000000004,13.787000000000001,0.95999999999999996,0.127,108.051
Noah Vonleh,203943.0,0.055,0.45700000000000002,0.26100000000000001,0.41099999999999998,107.081,0.0,0.13200000000000001,0.095000000000000001,100.004,8.4510000000000005,0.221,0.043999999999999997,98.638999999999996
Tony Wroten,203100.0,,,,,,,,,,,,,
JJ Hickson,201581.0,,,,,,,,,,,,,
Quincy Miller,203296.0,,,,,,,,,,,,,
Kobe Bryant,977.0,,,,,,,,,,,,,
Tony Mitchell,203502.0,,,,,,,,,,,,,
Jon Leuer,202720.0,0.095000000000000001,0.51900000000000002,0.17299999999999999,0.48799999999999999,105.983,0.0,0.16900000000000001,0.056000000000000001,97.144000000000005,14.058999999999999,0.65100000000000002,0.087999999999999995,101.501
Kentavious Caldwell-Pope,203484.0,0.072999999999999995,0.48099999999999998,0.085000000000000006,0.44800000000000001,108.73699999999999,0.0,0.188,0.021999999999999999,97.727000000000004,14.68,1.4510000000000001,0.107,103.587
Earl Clark,201947.0,,,,,,,,,,,,,
Maurice Harkless,203090.0,0.062,0.52600000000000002,0.097000000000000003,0.51000000000000001,108.64,0.0,0.14999999999999999,0.059999999999999998,99.954999999999998,10.827,0.44700000000000001,0.059999999999999998,109.63800000000001
Cameron Bairstow,203946.0,,,,,,,,,,,,,
DeAndre Jordan,201599.0,0.14799999999999999,0.66800000000000004,0.34100000000000003,0.71799999999999997,103.92,0.0,0.156,0.13300000000000001,98.141000000000005,9.5239999999999991,0.499,0.056000000000000001,113.084
Jermaine O'Neal,979.0,,,,,,,,,,,,,
Jordan Clarkson,203903.0,0.082000000000000003,0.52000000000000002,0.094,0.496,112.607,0.0,0.23300000000000001,0.021999999999999999,101.215,13.599,1.3089999999999999,0.14399999999999999,102.973
Goran Dragic,201609.0,0.129,0.56999999999999995,0.097000000000000003,0.52100000000000002,105.79900000000001,0.0,0.27000000000000002,0.027,98.256,21.562999999999999,2.3010000000000002,0.28399999999999997,107.137
Danilo Gallinari,201568.0,0.113,0.63,0.14499999999999999,0.53900000000000003,110.048,0.0,0.20100000000000001,0.021000000000000001,100.358,11.865,1.298,0.088999999999999996,112.268
Boban Marjanovic,1626246.0,0.16300000000000001,0.52300000000000002,0.29199999999999998,0.498,103.041,0.0,0.26900000000000002,0.13300000000000001,97.123000000000005,4.9000000000000004,0.058999999999999997,0.073999999999999996,104.271
Stephen Curry,201939.0,0.155,0.63400000000000001,0.11700000000000001,0.58799999999999997,100.378,0.0,0.29199999999999998,0.027,105.145,21.858000000000001,2.4390000000000001,0.28199999999999997,119.145
Bernard James,203108.0,,,,,,,,,,,,,
Kevin Martin,2755.0,,,,,,,,,,,,,
Chris Copeland,203142.0,,,,,,,,,,,,,
Miles Plumlee,203101.0,0.02,0.42599999999999999,0.13700000000000001,0.37,106.729,0.0,0.14099999999999999,0.068000000000000005,96.218000000000004,9.6069999999999993,0.21099999999999999,0.060999999999999999,98.991
Erick Green,203475.0,,,,,,,,,,,,,
Kevon Looney,1626172.0,0.027,0.48899999999999999,0.19400000000000001,0.48499999999999999,107.328,0.0,0.151,0.10000000000000001,100.506,12.452999999999999,0.151,0.087999999999999995,96.055000000000007
Josh Richardson,1626196.0,0.063,0.48299999999999998,0.097000000000000003,0.44800000000000001,104.20399999999999,0.0,0.16600000000000001,0.024,97.111000000000004,17.611000000000001,1.327,0.126,104.97199999999999
Tim Hardaway Jr.,203501.0,0.092999999999999999,0.54400000000000004,0.092999999999999999,0.51700000000000002,101.712,0.0,0.224,0.017999999999999999,100.94799999999999,12.728999999999999,1.1539999999999999,0.123,106.465
Jason Richardson,2202.0,,,,,,,,,,,,,
Wesley Johnson,202325.0,0.050999999999999997,0.39900000000000002,0.19900000000000001,0.38100000000000001,109.779,0.0,0.11700000000000001,0.024,98.165000000000006,4.3890000000000002,0.106,0.025999999999999999,99.093000000000004
Kelly Olynyk,203482.0,0.098000000000000004,0.57299999999999995,0.19400000000000001,0.55600000000000005,106.45699999999999,0.0,0.193,0.049000000000000002,99.340000000000003,17.260999999999999,1.012,0.157,103.104
Steven Adams,203500.0,0.098000000000000004,0.58699999999999997,0.152,0.57799999999999996,103.874,0.0,0.158,0.125,101.389,8.5850000000000009,0.52000000000000002,0.056000000000000001,106.7
Manny Harris,202412.0,-0.040000000000000001,0.21299999999999999,0.17899999999999999,0.13900000000000001,138.30000000000001,0.0,0.36099999999999999,0.083000000000000004,104.42,3.875,0.5,0.063,84.549999999999997
Vander Blue,203505.0,,,,,,,,,,,,,
David West,2561.0,0.109,0.56799999999999995,0.19400000000000001,0.53800000000000003,100.51900000000001,0.0,0.19,0.062,97.296000000000006,30.239999999999998,1.048,0.26900000000000002,106.869
Viacheslav Kravtsov,203139.0,,,,,,,,,,,,,
Metta World Peace,1897.0,-0.11799999999999999,0.188,0.075999999999999998,0.13500000000000001,107.944,0.0,0.23200000000000001,0.034000000000000002,99.222999999999999,12.380000000000001,0.080000000000000002,0.106,81.424000000000007
John Lucas III,101249.0,0.021000000000000001,0.050000000000000003,0.0,0.050000000000000003,44.439999999999998,0.0,0.055,0.0,91.653999999999996,4.0,0.0,0.067000000000000004,151.75999999999999
Pablo Prigioni,203143.0,,,,,,,,,,,,,
Marquis Teague,203104.0,,,,,,,,,,,,,
Rajon Rondo,200765.0,0.10199999999999999,0.42899999999999999,0.16500000000000001,0.42399999999999999,107.607,0.0,0.17599999999999999,0.042000000000000003,98.183999999999997,38.265999999999998,3.1030000000000002,0.36799999999999999,103.396
Tyus Jones,1626145.0,0.085999999999999993,0.41199999999999998,0.079000000000000001,0.36199999999999999,104.358,0.0,0.13,0.014999999999999999,100.871,36.988999999999997,1.085,0.28899999999999998,107.575
James Young,203923.0,0.042000000000000003,0.28399999999999997,0.10000000000000001,0.27300000000000002,91.826999999999998,0.0,0.121,0.012999999999999999,107.113,4.3890000000000002,0.027,0.058999999999999997,96.007999999999996
Cleanthony Early,203921.0,,,,,,,,,,,,,
Kyle Singler,202713.0,0.14199999999999999,0.42799999999999999,0.151,0.41999999999999998,105.755,0.0,0.10299999999999999,0.012999999999999999,99.875,5.8330000000000002,0.014999999999999999,0.042000000000000003,104.173
Gary Neal,202390.0,-0.11600000000000001,0.17299999999999999,0.050000000000000003,0.0,109.55,0.0,0.20999999999999999,0.0,95.599999999999994,7.4000000000000004,0.0,0.084000000000000005,67.349999999999994
LaMarcus Aldridge,200746.0,0.11799999999999999,0.52700000000000002,0.17399999999999999,0.48399999999999999,104.89100000000001,0.0,0.25,0.085000000000000006,94.655000000000001,9.3190000000000008,0.96499999999999997,0.10000000000000001,109.001
Rodney Stuckey,201155.0,0.049000000000000002,0.41499999999999998,0.124,0.35599999999999998,106.85599999999999,0.0,0.22,0.01,96.891999999999996,18.823,1.0900000000000001,0.17000000000000001,102.285
Troy Daniels,203584.0,0.0089999999999999993,0.45800000000000002,0.068000000000000005,0.44900000000000001,101.02200000000001,0.0,0.20100000000000001,0.016,97.430000000000007,6.444,0.249,0.058000000000000003,106.416
Beno Udrih,2757.0,0.11700000000000001,0.501,0.090999999999999998,0.44600000000000001,91.141000000000005,0.0,0.17899999999999999,0.0070000000000000001,122.56999999999999,31.673999999999999,1.7729999999999999,0.33700000000000002,108.018
Omri Casspi,201956.0,0.071999999999999995,0.55400000000000005,0.16800000000000001,0.54200000000000004,113.223,0.0,0.14000000000000001,0.041000000000000002,98.456999999999994,14.003,0.63300000000000001,0.085000000000000006,101.58
Nene,2403.0,0.112,0.61099999999999999,0.17000000000000001,0.59899999999999998,101.313,0.0,0.19900000000000001,0.079000000000000001,105.051,9.7750000000000004,0.504,0.082000000000000003,108.54600000000001
Elias Harris,203548.0,,,,,,,,,,,,,
Chris Paul,101108.0,0.191,0.61299999999999999,0.152,0.55600000000000005,101.09099999999999,0.0,0.249,0.025000000000000001,97.742999999999995,34.165999999999997,3.927,0.45100000000000001,115.846
Marcus Smart,203935.0,0.078,0.48099999999999998,0.113,0.41599999999999998,105.339,0.0,0.18099999999999999,0.037999999999999999,99.707999999999998,27.484000000000002,2.4239999999999999,0.22700000000000001,107.354
Kalin Lucas,203564.0,,,,,,,,,,,,,
Charlie Villanueva,101111.0,,,,,,,,,,,,,
Kemba Walker,202689.0,0.13700000000000001,0.57399999999999995,0.108,0.53200000000000003,105.41,0.0,0.28999999999999998,0.016,98.152000000000001,19.608000000000001,2.8319999999999999,0.28100000000000003,109.197
John Jenkins,203098.0,0.098000000000000004,0.63300000000000001,0.063,0.5,154.55000000000001,0.0,0.19,0.0,95.632000000000005,8.3249999999999993,0.0,0.125,136.94999999999999
Trevor Booker,202344.0,0.125,0.54300000000000004,0.253,0.52000000000000002,107.682,0.0,0.191,0.085000000000000006,103.318,15.257999999999999,0.96499999999999997,0.13300000000000001,98.396000000000001
Tyreke Evans,201936.0,0.11799999999999999,0.46700000000000003,0.17999999999999999,0.42999999999999999,107.47,0.0,0.27000000000000002,0.014999999999999999,98.269999999999996,21.125,1.964,0.30299999999999999,97.212999999999994
Hamady Ndiaye,202380.0,,,,,,,,,,,,,
Charles Hayes,101236.0,,,,,,,,,,,,,
Reggie Bullock,203493.0,0.048000000000000001,0.44700000000000001,0.115,0.40799999999999997,99.802999999999997,0.0,0.14099999999999999,0.029000000000000001,97.899000000000001,14.157999999999999,0.28999999999999998,0.069000000000000006,100.874
Roger Mason Jr.,2427.0,,,,,,,,,,,,,
Mike Conley,201144.0,0.16300000000000001,0.60699999999999998,0.109,0.54800000000000004,105.98699999999999,0.0,0.26600000000000001,0.014,94.082999999999998,24.145,2.7050000000000001,0.33200000000000002,108.369
Shane Battier,2203.0,,,,,,,,,,,,,
James Nunnally,203263.0,,,,,,,,,,,,,
Keith Appling,203951.0,,,,,,,,,,,,,
Marcus Thornton,201977.0,0.068000000000000005,0.48699999999999999,0.124,0.45300000000000001,115.43600000000001,0.0,0.189,0.049000000000000002,97.978999999999999,13.494,0.71199999999999997,0.096000000000000002,100.812
Zoran Dragic,204054.0,,,,,,,,,,,,,
Alan Anderson,101187.0,0.0050000000000000001,0.42599999999999999,0.070000000000000007,0.41599999999999998,118.23699999999999,0.0,0.14299999999999999,0.01,95.905000000000001,6.29,0.050000000000000003,0.045999999999999999,101.483
Michael Kidd-Gilchrist,203077.0,0.090999999999999998,0.52600000000000002,0.19500000000000001,0.47899999999999998,104.146,0.0,0.14799999999999999,0.070999999999999994,97.652000000000001,12.82,0.58599999999999997,0.074999999999999997,105.501
Jeff Teague,201952.0,0.13100000000000001,0.57399999999999995,0.123,0.502,107.374,0.0,0.219,0.012999999999999999,98.881,32.68,3.6539999999999999,0.35599999999999998,107.70699999999999
Jamaal Franklin,203479.0,,,,,,,,,,,,,
Samuel Dalembert,2223.0,,,,,,,,,,,,,
Kirk Hinrich,2550.0,,,,,,,,,,,,,
Evan Turner,202323.0,0.085999999999999993,0.46899999999999997,0.14799999999999999,0.439,108.029,0.0,0.182,0.021000000000000001,99.769999999999996,22.763000000000002,1.591,0.19500000000000001,101.10599999999999
Shavlik Randolph,101183.0,,,,,,,,,,,,,
Trevor Ariza,2772.0,0.085000000000000006,0.54600000000000004,0.158,0.52800000000000002,107.426,0.0,0.13900000000000001,0.021000000000000001,102.402,15.877000000000001,0.97299999999999998,0.085999999999999993,112.26600000000001
Cameron Payne,1626166.0,0.055,0.38500000000000001,0.154,0.378,104.02800000000001,0.0,0.216,0.0060000000000000001,98.117000000000004,17.149999999999999,0.83099999999999996,0.17599999999999999,91.087999999999994
Cory Joseph,202709.0,0.065000000000000002,0.48899999999999999,0.105,0.46200000000000002,107.566,0.0,0.186,0.027,97.593000000000004,23.399999999999999,1.8400000000000001,0.19600000000000001,105.994
Monta Ellis,101145.0,0.059999999999999998,0.49199999999999999,0.10100000000000001,0.46000000000000002,109.254,0.0,0.16800000000000001,0.010999999999999999,97.909000000000006,24.545999999999999,1.4199999999999999,0.16700000000000001,106.619
Jamaal Tinsley,2224.0,,,,,,,,,,,,,
Lavoy Allen,202730.0,0.083000000000000004,0.379,0.157,0.34000000000000002,110.123,0.0,0.095000000000000001,0.11899999999999999,97.914000000000001,20.224,0.26600000000000001,0.11899999999999999,100.705
Zach LaVine,203897.0,0.095000000000000001,0.55800000000000005,0.10199999999999999,0.52700000000000002,110.402,0.0,0.217,0.012,96.385000000000005,13.817,1.3,0.13200000000000001,106.736
Mike Scott,203118.0,0.023,0.30399999999999999,0.17999999999999999,0.28199999999999997,107.289,0.0,0.17000000000000001,0.059999999999999998,98.831000000000003,14.378,0.5,0.11899999999999999,96.311000000000007
Darius Johnson-Odom,203130.0,,,,,,,,,,,,,
Shelvin Mack,202714.0,0.052999999999999999,0.435,0.13800000000000001,0.41699999999999998,104.511,0.0,0.189,0.017000000000000001,93.775999999999996,21.193999999999999,1.2609999999999999,0.19500000000000001,103.45699999999999
Jeff Green,201145.0,0.074999999999999997,0.50600000000000001,0.127,0.44500000000000001,108.794,0.0,0.20699999999999999,0.027,98.579999999999998,10.061999999999999,0.60999999999999999,0.091999999999999998,95.608999999999995
Donald Sloan,202388.0,,,,,,,,,,,,,
Gorgui Dieng,203476.0,0.091999999999999998,0.55000000000000004,0.20799999999999999,0.50900000000000001,108.901,0.0,0.14199999999999999,0.079000000000000001,96.875,15.452,0.99199999999999999,0.087999999999999995,108.00700000000001
Roy Hibbert,201579.0,0.057000000000000002,0.58199999999999996,0.14299999999999999,0.46300000000000002,107.804,0.0,0.13900000000000001,0.082000000000000003,99.043999999999997,7.7539999999999996,0.20799999999999999,0.050999999999999997,100.767
Russ Smith,203893.0,,,,,,,,,,,,,
Peyton Siva,203491.0,,,,,,,,,,,,,
Meyers Leonard,203086.0,0.029999999999999999,0.46800000000000003,0.188,0.45000000000000001,108.46299999999999,0.0,0.156,0.027,100.129,12.974,0.35199999999999998,0.083000000000000004,103.15900000000001
Jordan Adams,203919.0,,,,,,,,,,,,,
TJ McConnell,204456.0,0.105,0.48399999999999999,0.112,0.45800000000000002,106.983,0.0,0.14099999999999999,0.021000000000000001,101.84399999999999,43.793999999999997,3.1960000000000002,0.373,99.546000000000006
Tony Allen,2754.0,0.079000000000000001,0.48399999999999999,0.13800000000000001,0.47099999999999997,104.589,0.0,0.183,0.095000000000000001,93.742999999999995,11.079000000000001,0.63200000000000001,0.084000000000000005,104.932
Will Cherry,203805.0,,,,,,,,,,,,,
Dwight Buycks,202779.0,,,,,,,,,,,,,
Sim Bhullar,204021.0,,,,,,,,,,,,,
James Harden,201935.0,0.187,0.61299999999999999,0.20300000000000001,0.52500000000000002,107.18899999999999,0.0,0.34000000000000002,0.033000000000000002,102.664,27.390999999999998,2.3210000000000002,0.499,112.883
Kevin Durant,201142.0,0.18099999999999999,0.65100000000000002,0.221,0.59699999999999998,101.319,0.0,0.28100000000000003,0.025000000000000001,103.658,18.065000000000001,2.306,0.20499999999999999,118.19
David Wear,204033.0,,,,,,,,,,,,,
Sebastian Telfair,2742.0,,,,,,,,,,,,,
Devyn Marble,203906.0,,,,,,,,,,,,,
Chris Johnson,203187.0,,,,,,,,,,,,,
JaVale McGee,201580.0,0.107,0.64600000000000002,0.17199999999999999,0.61199999999999999,107.503,0.0,0.224,0.14499999999999999,104.413,3.375,0.079000000000000001,0.039,118.88800000000001
DJ Stephens,203474.0,,,,,,,,,,,,,
J.R. Smith,2747.0,0.045999999999999999,0.53600000000000003,0.088999999999999996,0.53500000000000003,107.902,0.0,0.13900000000000001,0.012999999999999999,98.641000000000005,12.696,0.56399999999999995,0.066000000000000003,112.946
Shannon Brown,200769.0,,,,,,,,,,,,,
D'Angelo Russell,1626156.0,0.085000000000000006,0.495,0.11600000000000001,0.46000000000000002,111.70999999999999,0.0,0.26900000000000002,0.017999999999999999,100.541,21.431999999999999,1.7889999999999999,0.26700000000000002,104.465
Austin Rivers,203085.0,0.056000000000000001,0.51200000000000001,0.074999999999999997,0.48199999999999998,108.268,0.0,0.20000000000000001,0.01,98.037000000000006,15.935,1.288,0.14299999999999999,106.239
Melvin Ely,2408.0,,,,,,,,,,,,,
Corey Brewer,201147.0,0.082000000000000003,0.47399999999999998,0.124,0.44800000000000001,105.611,0.0,0.14599999999999999,0.025000000000000001,100.694,19.693999999999999,0.58199999999999996,0.107,106.398
Mirza Teletovic,203141.0,0.040000000000000001,0.46400000000000002,0.152,0.45900000000000002,104.5,0.0,0.192,0.012,96.072999999999993,7.6929999999999996,0.28499999999999998,0.060999999999999999,105.336
Kyrie Irving,202681.0,0.13200000000000001,0.57799999999999996,0.071999999999999995,0.53400000000000003,108.182,0.0,0.30199999999999999,0.021000000000000001,99.016999999999996,19.146000000000001,2.351,0.27700000000000002,114.69199999999999
Darrell Arthur,201589.0,0.155,0.56599999999999995,0.17100000000000001,0.55500000000000005,110.839,0.0,0.17799999999999999,0.043999999999999997,99.034999999999997,14.872999999999999,0.45100000000000001,0.111,105.92700000000001
Darrun Hilliard,1626199.0,-0.0080000000000000002,0.40999999999999998,0.122,0.34699999999999998,96.822999999999993,0.0,0.185,0.0030000000000000001,97.908000000000001,14.664,0.38,0.13,97.078999999999994
Joe Harris,203925.0,0.052999999999999999,0.52500000000000002,0.11899999999999999,0.51100000000000001,108.154,0.0,0.159,0.014999999999999999,105.498,10.167,0.40100000000000002,0.076999999999999999,96.555999999999997
Rakeem Christmas,1626176.0,-0.025999999999999999,0.35499999999999998,0.16200000000000001,0.27900000000000003,111.657,0.0,0.114,0.14399999999999999,94.239999999999995,6.5709999999999997,0.012,0.023,94.096000000000004
Jason Terry,1891.0,0.048000000000000001,0.59299999999999997,0.068000000000000005,0.57399999999999995,104.32899999999999,0.0,0.10299999999999999,0.014999999999999999,96.070999999999998,24.094999999999999,0.44700000000000001,0.10199999999999999,104.652
Darius Morris,202721.0,,,,,,,,,,,,,
Thomas Robinson,203080.0,0.11600000000000001,0.45200000000000001,0.28599999999999998,0.441,116.971,0.0,0.186,0.121,100.47199999999999,11.573,0.373,0.11,104.146
Rudy Gobert,203497.0,0.158,0.67300000000000004,0.29199999999999998,0.65800000000000003,99.917000000000002,0.0,0.16600000000000001,0.126,93.165000000000006,9.0220000000000002,0.61899999999999999,0.059999999999999998,106.29600000000001
David Lee,101135.0,0.11700000000000001,0.59699999999999998,0.21199999999999999,0.56200000000000006,99.998000000000005,0.0,0.16400000000000001,0.11,97.745999999999995,16.911000000000001,0.63900000000000001,0.11600000000000001,110.547
Jordan Farmar,200770.0,0.086999999999999994,0.59999999999999998,0.066000000000000003,0.59999999999999998,116.90000000000001,0.0,0.17299999999999999,0.025999999999999999,95.025000000000006,38.399999999999999,2.75,0.32700000000000001,109.05
CJ Wilcox,203912.0,-0.027,0.20499999999999999,0.059999999999999998,0.20000000000000001,121.291,0.0,0.156,0.025999999999999999,95.123999999999995,21.309000000000001,0.090999999999999998,0.186,89.058999999999997
Nate Wolters,203489.0,,,,,,,,,,,,,
Kenneth Faried,202702.0,0.114,0.55100000000000005,0.24299999999999999,0.504,113.989,0.0,0.17699999999999999,0.14799999999999999,100.255,9.2430000000000003,0.33900000000000002,0.060999999999999999,108.193
Earl Barron,2853.0,,,,,,,,,,,,,
Shaun Livingston,2733.0,0.070999999999999994,0.58199999999999996,0.10100000000000001,0.55700000000000005,100.261,0.0,0.13400000000000001,0.028000000000000001,98.581000000000003,26.279,0.76300000000000001,0.14399999999999999,109.529
Branden Dawson,1626183.0,,,,,,,,,,,,,
Vince Carter,1713.0,0.069000000000000006,0.53100000000000003,0.128,0.5,104.827,0.0,0.152,0.021999999999999999,94.593999999999994,17.748999999999999,0.66500000000000004,0.115,106.571
Bradley Beal,203078.0,0.11600000000000001,0.59499999999999997,0.073999999999999996,0.55800000000000005,106.342,0.0,0.26400000000000001,0.024,100.07299999999999,13.547000000000001,1.639,0.14699999999999999,112.452
Scotty Hopson,203816.0,,,,,,,,,,,,,
Jose Calderon,101181.0,0.071999999999999995,0.41199999999999998,0.13700000000000001,0.40500000000000003,106.113,0.0,0.13700000000000001,0.025000000000000001,98.530000000000001,30.359000000000002,1.046,0.24199999999999999,100.89100000000001
Lester Hudson,201991.0,,,,,,,,,,,,,
Jared Cunningham,203099.0,,,,,,,,,,,,,
Andrew Wiggins,203952.0,0.091999999999999998,0.52700000000000002,0.087999999999999995,0.47699999999999998,110.627,0.0,0.28799999999999998,0.039,97.605999999999995,8.7490000000000006,1.1919999999999999,0.105,109.604
Sonny Weems,201603.0,,,,,,,,,,,,,
Doron Lamb,203117.0,,,,,,,,,,,,,
Jabari Parker,203953.0,0.11799999999999999,0.56100000000000005,0.152,0.52700000000000002,109.19,0.0,0.26000000000000001,0.053999999999999999,98.462000000000003,12.065,1.2809999999999999,0.13500000000000001,106.639
CJ McCollum,203468.0,0.12,0.57299999999999995,0.098000000000000004,0.53400000000000003,108.563,0.0,0.27500000000000002,0.025999999999999999,99.715000000000003,13.289999999999999,1.653,0.16900000000000001,107.53700000000001
Tyler Ennis,203898.0,0.066000000000000003,0.38200000000000001,0.088999999999999996,0.36599999999999999,107.16200000000001,0.0,0.19700000000000001,0.02,97.619,23.065999999999999,0.76700000000000002,0.19700000000000001,106.64
Rasual Butler,2446.0,,,,,,,,,,,,,
Chris Singleton,202698.0,,,,,,,,,,,,,
Dewayne Dedmon,203473.0,0.158,0.61099999999999999,0.30399999999999999,0.55600000000000005,100.726,0.0,0.13600000000000001,0.14000000000000001,96.441999999999993,10.141,0.26400000000000001,0.055,104.036
Nick Young,201156.0,0.070999999999999994,0.56100000000000005,0.080000000000000002,0.53900000000000003,113.393,0.0,0.193,0.014999999999999999,100.627,7.0570000000000004,0.42199999999999999,0.053999999999999999,103.94199999999999
Nikola Pekovic,201593.0,,,,,,,,,,,,,
Diante Garrett,203197.0,,,,,,,,,,,,,
Adreian Payne,203940.0,0.069000000000000006,0.36199999999999999,0.26000000000000001,0.32900000000000001,102.61199999999999,0.0,0.20599999999999999,0.050999999999999997,100.64400000000001,13.494,0.087999999999999995,0.067000000000000004,104.08799999999999
PJ Tucker,200782.0,0.070000000000000007,0.45300000000000001,0.185,0.42299999999999999,105.884,0.0,0.113,0.053999999999999999,99.703000000000003,14.401999999999999,0.58599999999999997,0.069000000000000006,102.167
Chris McCullough,1626191.0,0.033000000000000002,0.36699999999999999,0.111,0.34200000000000003,91.724999999999994,0.0,0.188,0.114,102.134,2.706,0.0,0.025000000000000001,126.337
Kosta Koufos,201585.0,0.090999999999999998,0.56399999999999995,0.23799999999999999,0.55300000000000005,109.179,0.0,0.153,0.087999999999999995,96.394999999999996,9.2530000000000001,0.38200000000000001,0.055,100.563
Othyus Jeffers,201785.0,,,,,,,,,,,,,
Toney Douglas,201962.0,0.082000000000000003,0.40500000000000003,0.14599999999999999,0.32600000000000001,106.833,0.0,0.18099999999999999,0.033000000000000002,98.412000000000006,24.353999999999999,1.24,0.19800000000000001,100.017
Cole Aldrich,202332.0,0.051999999999999998,0.379,0.25700000000000001,0.36399999999999999,107.35599999999999,0.0,0.107,0.095000000000000001,97.918999999999997,15.218999999999999,0.113,0.065000000000000002,100.294
Shayne Whittington,203963.0,,,,,,,,,,,,,
Damien Inglis,203996.0,,,,,,,,,,,,,
Nick Calathes,201979.0,,,,,,,,,,,,,
Anderson Varejao,2760.0,0.051999999999999998,0.314,0.19400000000000001,0.25,111.7,0.0,0.13900000000000001,0.108,101.244,18.571000000000002,0.42899999999999999,0.13800000000000001,104.371
Norris Cole,202708.0,0.029999999999999999,0.32100000000000001,0.065000000000000002,0.28899999999999998,111.629,0.0,0.20300000000000001,0.0,139.94200000000001,14.224,0.20599999999999999,0.152,83.228999999999999
Tyler Hansbrough,201946.0,,,,,,,,,,,,,
Mike Muscala,203488.0,0.095000000000000001,0.51200000000000001,0.152,0.48499999999999999,106.017,0.0,0.154,0.071999999999999995,99.337000000000003,18.079000000000001,0.48299999999999998,0.11600000000000001,98.703000000000003
Patrick Christopher,203565.0,,,,,,,,,,,,,
Malcolm Lee,202723.0,,,,,,,,,,,,,
Travis Wear,204037.0,,,,,,,,,,,,,
Norman Powell,1626181.0,0.072999999999999995,0.52400000000000002,0.14399999999999999,0.47599999999999998,106.59399999999999,0.0,0.21199999999999999,0.02,97.906999999999996,10.657999999999999,0.58599999999999997,0.089999999999999997,109.88500000000001
Marvin Williams,101107.0,0.096000000000000002,0.54900000000000004,0.19800000000000001,0.504,105.926,0.0,0.16500000000000001,0.041000000000000002,97.879000000000005,10.987,0.64200000000000002,0.069000000000000006,106.29900000000001
Julyan Stone,202933.0,,,,,,,,,,,,,
Jeff Ayres,201965.0,,,,,,,,,,,,,
Chris Babb,203569.0,,,,,,,,,,,,,
Raul Neto,203526.0,0.080000000000000002,0.439,0.087999999999999995,0.41399999999999998,93.879999999999995,0.0,0.14499999999999999,0.0050000000000000001,95.462999999999994,15.994,0.29599999999999999,0.12,108.241
Jameer Nelson,2749.0,0.069000000000000006,0.51900000000000002,0.085000000000000006,0.51000000000000001,110.38,0.0,0.158,0.014999999999999999,99.762,33.598999999999997,2.5009999999999999,0.26400000000000001,109.904
Willie Green,2584.0,,,,,,,,,,,,,
Bismack Biyombo,202687.0,0.091999999999999998,0.53300000000000003,0.25600000000000001,0.48799999999999999,108.61199999999999,0.0,0.13800000000000001,0.099000000000000005,97.239000000000004,12.199999999999999,0.52800000000000002,0.064000000000000001,97.287999999999997
Jarnell Stokes,203950.0,0.40799999999999997,0.78400000000000003,0.084000000000000005,0.5,114.75,0.0,0.189,0.070999999999999994,116.375,33.350000000000001,0.0,0.20000000000000001,89.099999999999994
Deron Williams,101114.0,0.086999999999999994,0.56499999999999995,0.092999999999999999,0.54400000000000004,107.64400000000001,0.0,0.20599999999999999,0.01,94.891999999999996,32.097000000000001,2.3700000000000001,0.32400000000000001,107.248
Willie Cauley-Stein,1626161.0,0.115,0.50800000000000001,0.16500000000000001,0.47999999999999998,111.426,0.0,0.19500000000000001,0.076999999999999999,96.477999999999994,9.3140000000000001,0.47799999999999998,0.070999999999999994,97.379999999999995
Ben McLemore,203463.0,0.032000000000000001,0.47799999999999998,0.094,0.42799999999999999,113.998,0.0,0.214,0.021999999999999999,95.685000000000002,8.6600000000000001,0.40400000000000003,0.076999999999999999,96.197999999999993
Mo Williams,2590.0,,,,,,,,,,,,,
Steve Blake,2581.0,,,,,,,,,,,,,
Robert Covington,203496.0,0.085000000000000006,0.51900000000000002,0.17100000000000001,0.47299999999999998,103.902,0.0,0.191,0.043999999999999997,101.822,9.8889999999999993,0.69599999999999995,0.073999999999999996,98.816999999999993
Patrick Beverley,201976.0,0.086999999999999994,0.52500000000000002,0.151,0.496,106.285,0.0,0.14799999999999999,0.051999999999999998,101.036,27.141999999999999,2.0470000000000002,0.18099999999999999,112.881
Udonis Haslem,2617.0,0.0050000000000000001,0.32100000000000001,0.28699999999999998,0.27500000000000002,106.376,0.0,0.13,0.040000000000000001,93.706000000000003,6.524,0.23499999999999999,0.052999999999999999,65.629000000000005
Glen Rice Jr.,203318.0,,,,,,,,,,,,,
Vitor Faverani,203543.0,,,,,,,,,,,,,
Byron Mullens,201957.0,,,,,,,,,,,,,
Karl-Anthony Towns,1626157.0,0.17100000000000001,0.61699999999999999,0.27400000000000002,0.57699999999999996,110.889,0.0,0.27300000000000002,0.113,97.194999999999993,10.587999999999999,1.1299999999999999,0.128,109.86799999999999
Martell Webster,101110.0,,,,,,,,,,,,,
Anthony Tolliver,201229.0,0.084000000000000005,0.54400000000000004,0.14399999999999999,0.51600000000000001,110.43300000000001,0.0,0.13100000000000001,0.036999999999999998,98.111000000000004,16.247,0.69899999999999995,0.086999999999999994,102.40000000000001
Kendall Marshall,203088.0,,,,,,,,,,,,,
John Salmons,2422.0,,,,,,,,,,,,,
Archie Goodwin,203462.0,0.071999999999999995,0.628,0.096000000000000002,0.60999999999999999,110.29300000000001,0.0,0.191,0.021999999999999999,99.924999999999997,16.286999999999999,0.753,0.20000000000000001,104.71299999999999
Larry Drew,203580.0,,,,,,,,,,,,,
Taj Gibson,201959.0,0.097000000000000003,0.55100000000000005,0.17899999999999999,0.52200000000000002,104.593,0.0,0.192,0.080000000000000002,98.402000000000001,6.8979999999999997,0.47099999999999997,0.053999999999999999,105.08199999999999
Anthony Davis,203076.0,0.19,0.57499999999999996,0.27100000000000002,0.51300000000000001,102.747,0.0,0.32700000000000001,0.068000000000000005,100.175,7.5369999999999999,1.0169999999999999,0.115,104.22799999999999
Greg Stiemsma,201880.0,,,,,,,,,,,,,
Josh Huestis,203962.0,0.20999999999999999,0.67200000000000004,0.26300000000000001,0.68799999999999994,115.2,0.0,0.17799999999999999,0.17000000000000001,105.48999999999999,20.600000000000001,0.0,0.17000000000000001,109.59999999999999
Doug McDermott,203926.0,0.071999999999999995,0.53900000000000003,0.115,0.51400000000000001,112.17,0.0,0.161,0.016,98.393000000000001,8.9339999999999993,0.34300000000000003,0.056000000000000001,106.604
CJ Miles,101139.0,0.079000000000000001,0.56999999999999995,0.128,0.54700000000000004,107.059,0.0,0.183,0.021999999999999999,98.021000000000001,5.8289999999999997,0.113,0.042000000000000003,107.577
Mike James,2229.0,,,,,,,,,,,,,
Lorenzo Brown,203485.0,,,,,,,,,,,,,
Tornike Shengelia,203129.0,,,,,,,,,,,,,
Kevin Seraphin,202338.0,0.087999999999999995,0.48999999999999999,0.20399999999999999,0.48199999999999998,119.136,0.0,0.19800000000000001,0.074999999999999997,96.915999999999997,6.0019999999999998,0.28299999999999997,0.050999999999999997,95.528000000000006
Jason Collins,2215.0,,,,,,,,,,,,,
John Wall,202322.0,0.156,0.54200000000000004,0.108,0.48299999999999998,107.599,0.0,0.30399999999999999,0.02,100.971,28.853000000000002,3.0819999999999999,0.44900000000000001,111.05500000000001
Solomon Hill,203524.0,0.047,0.495,0.114,0.439,103.566,0.0,0.115,0.021000000000000001,100.627,17.129000000000001,0.90200000000000002,0.079000000000000001,103.416
Robin Lopez,201577.0,0.084000000000000005,0.53400000000000003,0.128,0.502,106.48099999999999,0.0,0.17599999999999999,0.11899999999999999,97.082999999999998,8.0879999999999992,0.499,0.055,104.871
Joel Anthony,201202.0,0.025000000000000001,0.26100000000000001,0.20699999999999999,0.26900000000000002,92.308999999999997,0.0,0.082000000000000003,0.065000000000000002,101.19499999999999,4.0949999999999998,0.090999999999999998,0.028000000000000001,70.682000000000002
Tim Frazier,204025.0,0.062,0.45800000000000002,0.097000000000000003,0.41199999999999998,108.511,0.0,0.159,0.021000000000000001,99.915999999999997,35.414999999999999,2.4249999999999998,0.30199999999999999,101.03400000000001
Ish Smith,202397.0,0.104,0.47299999999999998,0.122,0.46000000000000002,104.10899999999999,0.0,0.20200000000000001,0.01,97.728999999999999,30.757000000000001,2.3359999999999999,0.316,104.30500000000001
Kwame Brown,2198.0,,,,,,,,,,,,,
Steve Nash,959.0,,,,,,,,,,,,,
Louis Williams,101150.0,0.121,0.56499999999999995,0.094,0.48299999999999998,109.565,0.0,0.27900000000000003,0.014999999999999999,102.747,13.851000000000001,1.3480000000000001,0.17699999999999999,109.211
Willie Reed,203186.0,0.092999999999999999,0.51500000000000001,0.23300000000000001,0.51500000000000001,102.625,0.0,0.14899999999999999,0.13,98.462000000000003,6.0369999999999999,0.106,0.035999999999999997,104.238
Lance Stephenson,202362.0,0.091999999999999998,0.47699999999999998,0.16,0.46400000000000002,103.759,0.0,0.186,0.01,97.219999999999999,23.209,1.371,0.222,103.736
Alexey Shved,203144.0,,,,,,,,,,,,,
Alex Kirk,203945.0,,,,,,,,,,,,,
E'Twaun Moore,202734.0,0.069000000000000006,0.51200000000000001,0.068000000000000005,0.495,107.681,0.0,0.17499999999999999,0.02,100.227,18.716000000000001,0.995,0.13800000000000001,104.251
Solomon Jones,200780.0,,,,,,,,,,,,,
Al Harrington,1733.0,,,,,,,,,,,,,
Lance Thomas,202498.0,0.036999999999999998,0.48799999999999999,0.11899999999999999,0.46300000000000002,112.548,0.0,0.13600000000000001,0.035000000000000003,98.361999999999995,9.9979999999999993,0.23200000000000001,0.050999999999999997,99.691000000000003
Brandon Knight,202688.0,0.070999999999999994,0.48199999999999998,0.092999999999999999,0.42299999999999999,112.167,0.0,0.255,0.02,102.401,15.393000000000001,1.272,0.19500000000000001,96.900000000000006
Carmelo Anthony,2546.0,0.11600000000000001,0.53500000000000003,0.16,0.48799999999999999,111.857,0.0,0.28999999999999998,0.027,98.543000000000006,11.039,1.486,0.13900000000000001,105.753
Perry Jones,203103.0,,,,,,,,,,,,,
Hollis Thompson,203138.0,0.051999999999999998,0.41599999999999998,0.13700000000000001,0.40000000000000002,107.69,0.0,0.13600000000000001,0.028000000000000001,98.106999999999999,14.063000000000001,0.28699999999999998,0.087999999999999995,97.010000000000005
Gerald Wallace,2222.0,,,,,,,,,,,,,
Jae Crowder,203109.0,0.10299999999999999,0.59399999999999997,0.17599999999999999,0.55300000000000005,105.31100000000001,0.0,0.17399999999999999,0.025999999999999999,99.363,14.603,1.1519999999999999,0.10100000000000001,112.268
Spencer Hawes,201150.0,0.098000000000000004,0.48999999999999999,0.21299999999999999,0.45000000000000001,109.221,0.0,0.20100000000000001,0.044999999999999998,105.648,17.898,0.76500000000000001,0.184,91.875
Elfrid Payton,203901.0,0.111,0.50900000000000001,0.13400000000000001,0.48899999999999999,107.84,0.0,0.21299999999999999,0.036999999999999998,100.22,29.427,3.3399999999999999,0.314,103.396
Arnett Moultrie,203102.0,,,,,,,,,,,,,
Jeremy Lamb,203087.0,0.11899999999999999,0.53200000000000003,0.23599999999999999,0.48599999999999999,109.66800000000001,0.0,0.24099999999999999,0.025000000000000001,95.997,10.952999999999999,0.39800000000000002,0.115,106.495
Tiago Splitter,201168.0,0.113,0.55600000000000005,0.223,0.47399999999999998,104.7,0.0,0.224,0.11600000000000001,100.06399999999999,9.1129999999999995,0.375,0.14000000000000001,106.125
Orlando Johnson,203111.0,,,,,,,,,,,,,
Thabo Sefolosha,200757.0,0.071999999999999995,0.47699999999999998,0.14399999999999999,0.41899999999999998,102.62,0.0,0.13100000000000001,0.035000000000000003,103.48699999999999,15.552,0.82999999999999996,0.090999999999999998,98.152000000000001
Kyle Korver,2594.0,0.076999999999999999,0.63700000000000001,0.114,0.624,109.59099999999999,0.0,0.152,0.0070000000000000001,99.905000000000001,13.531000000000001,0.61199999999999999,0.085000000000000006,106.197
Brandon Bass,101138.0,0.107,0.58799999999999997,0.159,0.51100000000000001,119.551,0.0,0.20399999999999999,0.097000000000000003,95.843999999999994,6.1870000000000003,0.22600000000000001,0.050999999999999997,99.731999999999999
Nick Collison,2555.0,0.074999999999999997,0.26600000000000001,0.13100000000000001,0.23799999999999999,110.92,0.0,0.082000000000000003,0.045999999999999999,101.056,21.498999999999999,0.10000000000000001,0.13700000000000001,82.939999999999998
Eric Maynor,201953.0,,,,,,,,,,,,,
Wilson Chandler,201163.0,0.096000000000000002,0.53000000000000003,0.17999999999999999,0.505,111.831,0.0,0.219,0.050000000000000003,100.479,11.618,0.99199999999999999,0.098000000000000004,109.46899999999999
Derek Fisher,965.0,,,,,,,,,,,,,
Cory Jefferson,203928.0,,,,,,,,,,,,,
Kris Humphries,2743.0,0.122,0.434,0.23400000000000001,0.39500000000000002,103.896,0.0,0.17899999999999999,0.10199999999999999,98.143000000000001,7.1959999999999997,0.26300000000000001,0.067000000000000004,98.209000000000003
Josh McRoberts,201177.0,0.073999999999999996,0.49399999999999999,0.20300000000000001,0.48199999999999998,107.90000000000001,0.0,0.17799999999999999,0.069000000000000006,93.313999999999993,25.486000000000001,1.3089999999999999,0.216,98.177000000000007
JaMychal Green,203254.0,,,,,,,,,,,,,
Timofey Mozgov,202389.0,0.065000000000000002,0.51800000000000002,0.17399999999999999,0.48699999999999999,111.654,0.0,0.17199999999999999,0.10199999999999999,99.188999999999993,9.2260000000000009,0.39200000000000002,0.058000000000000003,99.308999999999997
Jusuf Nurkic,203994.0,0.105,0.52100000000000002,0.23499999999999999,0.51400000000000001,105.709,0.0,0.23000000000000001,0.115,100.827,12.492000000000001,0.79500000000000004,0.128,102.759
Justin Holiday,203200.0,0.082000000000000003,0.55800000000000005,0.13500000000000001,0.53900000000000003,107.071,0.0,0.17000000000000001,0.016,98.471999999999994,13.451000000000001,0.64400000000000002,0.092999999999999999,102.083
Jerrelle Benimon,203968.0,,,,,,,,,,,,,
Garrett Temple,202066.0,0.072999999999999995,0.50600000000000001,0.106,0.47499999999999998,109.589,0.0,0.14199999999999999,0.02,97.617000000000004,23.917000000000002,1.3049999999999999,0.155,103.602
Ekpe Udoh,202327.0,,,,,,,,,,,,,
Luke Babbitt,202337.0,0.042000000000000003,0.54700000000000004,0.14299999999999999,0.53300000000000003,103.649,0.0,0.13100000000000001,0.012999999999999999,97.613,9.7750000000000004,0.11799999999999999,0.044999999999999998,103.437
Andre Dawkins,203958.0,,,,,,,,,,,,,
Gigi Datome,203540.0,,,,,,,,,,,,,
Brandon Davies,203561.0,,,,,,,,,,,,,
Ricky Ledo,203495.0,,,,,,,,,,,,,
Tyrus Thomas,200748.0,,,,,,,,,,,,,
Hassan Whiteside,202355.0,0.16200000000000001,0.56999999999999995,0.34899999999999998,0.55000000000000004,105.5,0.0,0.22700000000000001,0.128,97.094999999999999,4.0579999999999998,0.44600000000000001,0.039,106.73099999999999
Larry Sanders,202336.0,0.14899999999999999,0.32700000000000001,0.067000000000000004,0.10000000000000001,92.379999999999995,0.0,0.215,0.26700000000000002,99.231999999999999,0.0,0.0,0.0,99.879999999999995
Anthony Morrow,201627.0,0.032000000000000001,0.47499999999999998,0.033000000000000002,0.45800000000000002,106.52500000000001,0.0,0.16800000000000001,0.014,99.938999999999993,7.617,0.096000000000000002,0.051999999999999998,103.642
Greivis Vasquez,202349.0,0.019,0.27600000000000002,0.052999999999999999,0.25,112.167,0.0,0.14499999999999999,0.0,103.07299999999999,34.100000000000001,0.66700000000000004,0.13700000000000001,87.400000000000006
Amar'e Stoudemire,2405.0,,,,,,,,,,,,,
Damion James,202345.0,,,,,,,,,,,,,
Greg Smith,202962.0,,,,,,,,,,,,,
Ricky Rubio,201937.0,0.112,0.52000000000000002,0.108,0.433,110.18000000000001,0.0,0.17299999999999999,0.032000000000000001,97.016999999999996,41.850999999999999,3.6629999999999998,0.38,108.893
Bobby Portis,1626171.0,0.109,0.48599999999999999,0.218,0.47299999999999998,110.66800000000001,0.0,0.189,0.079000000000000001,97.367999999999995,9.4399999999999995,0.22700000000000001,0.070000000000000007,97.841999999999999
Rudy Gay,200752.0,0.128,0.55400000000000005,0.17599999999999999,0.49399999999999999,104.29300000000001,0.0,0.25,0.039,98.109999999999999,12.550000000000001,0.91900000000000004,0.14099999999999999,106.863
Ramon Sessions,201196.0,0.075999999999999998,0.502,0.076999999999999999,0.41499999999999998,110.312,0.0,0.19800000000000001,0.012,99.614999999999995,25.384,1.363,0.23899999999999999,102.91
Jeff Taylor,203106.0,,,,,,,,,,,,,
Carrick Felix,203467.0,,,,,,,,,,,,,
Josh Childress,2735.0,,,,,,,,,,,,,
Ognjen Kuzmic,203136.0,,,,,,,,,,,,,
Pero Antic,203544.0,,,,,,,,,,,,,
Boris Diaw,2564.0,0.082000000000000003,0.48599999999999999,0.11,0.45400000000000001,103.68000000000001,0.0,0.16200000000000001,0.039,93.561999999999998,28.202000000000002,0.995,0.20499999999999999,104.73
Quincy Acy,203112.0,0.063,0.48899999999999999,0.20999999999999999,0.46600000000000003,111.33199999999999,0.0,0.19700000000000001,0.053999999999999999,100.931,5.1970000000000001,0.252,0.035000000000000003,96.203000000000003
Brandon Jennings,201943.0,0.073999999999999996,0.40500000000000003,0.10299999999999999,0.36699999999999999,109.294,0.0,0.16500000000000001,0.017999999999999999,99.947000000000003,34.656999999999996,2.145,0.30399999999999999,103.066
Royce White,203091.0,,,,,,,,,,,,,
Drew Gooden,2400.0,,,,,,,,,,,,,
Shane Edwards,202197.0,,,,,,,,,,,,,
Dwyane Wade,2548.0,0.115,0.49199999999999999,0.13200000000000001,0.441,105.971,0.0,0.28799999999999998,0.037999999999999999,98.043999999999997,16.065999999999999,1.7490000000000001,0.223,102.325
Jordan Mickey,1626175.0,0.096000000000000002,0.29599999999999999,0.26200000000000001,0.24399999999999999,121.562,0.0,0.158,0.075999999999999998,111.577,5.6459999999999999,0.076999999999999999,0.044999999999999998,88.072999999999993
Joey Dorsey,201595.0,,,,,,,,,,,,,
Klay Thompson,202691.0,0.10299999999999999,0.57499999999999996,0.090999999999999998,0.54800000000000004,100.036,0.0,0.25700000000000001,0.023,102.292,9.2699999999999996,1.143,0.089999999999999997,116.72199999999999
Rondae Hollis-Jefferson,1626178.0,0.098000000000000004,0.51100000000000001,0.20899999999999999,0.45000000000000001,106.59699999999999,0.0,0.186,0.057000000000000002,105.346,16.774000000000001,1.0760000000000001,0.13400000000000001,101.905
Will Bynum,101198.0,,,,,,,,,,,,,
Patrick Patterson,202335.0,0.070000000000000007,0.53000000000000003,0.14999999999999999,0.50700000000000001,103.081,0.0,0.124,0.039,96.894000000000005,16.465,0.59499999999999997,0.082000000000000003,109.818
Isaiah Canaan,203477.0,0.0080000000000000002,0.371,0.064000000000000001,0.33100000000000002,105.767,0.0,0.16200000000000001,0.0070000000000000001,95.757999999999996,13.670999999999999,0.34499999999999997,0.092999999999999999,91.123999999999995
Gordon Hayward,202330.0,0.158,0.58799999999999997,0.153,0.53000000000000003,103.334,0.0,0.27600000000000002,0.023,93.784999999999997,14.071,1.6200000000000001,0.17499999999999999,108.172
Marco Belinelli,201158.0,0.082000000000000003,0.53500000000000003,0.106,0.47899999999999998,107.13800000000001,0.0,0.192,0.0080000000000000002,97.870000000000005,15.42,0.95199999999999996,0.129,107.926
Quincy Pondexter,202347.0,,,,,,,,,,,,,
Shawn Marion,1890.0,,,,,,,,,,,,,
Rodney Hood,203918.0,0.064000000000000001,0.48199999999999998,0.13100000000000001,0.45800000000000002,104.82599999999999,0.0,0.22800000000000001,0.010999999999999999,93.287999999999997,10.423,0.84599999999999997,0.098000000000000004,105.54600000000001
DeMarre Carroll,201960.0,0.065000000000000002,0.505,0.13600000000000001,0.47399999999999998,107.77800000000001,0.0,0.158,0.037999999999999999,96.739000000000004,9.4169999999999998,0.50800000000000001,0.057000000000000002,107.79600000000001
Mike Dunleavy,2399.0,0.059999999999999998,0.51300000000000001,0.11600000000000001,0.49099999999999999,106.31699999999999,0.0,0.13800000000000001,0.021000000000000001,99.552999999999997,16.141999999999999,0.30099999999999999,0.098000000000000004,96.741
Jimmer Fredette,202690.0,,,,,,,,,,,,,
Chris Bosh,2547.0,,,,,,,,,,,,,
Hedo Turkoglu,2045.0,,,,,,,,,,,,,
Jonas Valanciunas,202685.0,0.13800000000000001,0.61599999999999999,0.30399999999999999,0.57799999999999996,108.212,0.0,0.19600000000000001,0.112,96.524000000000001,5.3620000000000001,0.41099999999999998,0.040000000000000001,108.047
Kyle Anderson,203937.0,0.113,0.437,0.19600000000000001,0.40999999999999998,99.813000000000002,0.0,0.121,0.032000000000000001,100.271,20.626999999999999,0.379,0.115,106.02200000000001
Pat Connaughton,1626192.0,0.070999999999999994,0.39500000000000002,0.13200000000000001,0.36199999999999999,100.56399999999999,0.0,0.14999999999999999,0.029999999999999999,113.128,20.318000000000001,0.25800000000000001,0.126,101.45699999999999
Xavier Henry,202333.0,,,,,,,,,,,,,
Rashard Lewis,1740.0,,,,,,,,,,,,,
Langston Galloway,204038.0,0.058999999999999997,0.47599999999999998,0.10299999999999999,0.46200000000000002,104.89100000000001,0.0,0.17899999999999999,0.024,98.602000000000004,12.404999999999999,0.54600000000000004,0.11600000000000001,101.351
Anthony Brown,1626148.0,0.052999999999999999,0.42199999999999999,0.151,0.42199999999999999,103.127,0.0,0.17100000000000001,0.051999999999999998,96.634,7.8819999999999997,0.54500000000000004,0.058999999999999997,105.036
Travis Outlaw,2566.0,,,,,,,,,,,,,
Matthew Dellavedova,203521.0,0.063,0.48899999999999999,0.076999999999999999,0.45800000000000002,106.95399999999999,0.0,0.161,0.012999999999999999,97.198999999999998,32.143000000000001,2.6520000000000001,0.24399999999999999,105.01900000000001
Ian Clark,203546.0,0.086999999999999994,0.55500000000000005,0.090999999999999998,0.53100000000000003,103.14400000000001,0.0,0.19600000000000001,0.024,100.676,12.904,0.51100000000000001,0.108,106.657
Nemanja Nedovic,203517.0,,,,,,,,,,,,,
Jason Maxiell,101131.0,,,,,,,,,,,,,
Bruno Caboclo,203998.0,0.14000000000000001,0.13900000000000001,0.126,0.13900000000000001,79.066999999999993,0.0,0.122,0.095000000000000001,85.524000000000001,9.2560000000000002,0.33300000000000002,0.111,86.700000000000003
Hilton Armstrong,200756.0,,,,,,,,,,,,,
Seth Curry,203552.0,0.10000000000000001,0.59899999999999998,0.090999999999999998,0.57999999999999996,106.256,0.0,0.193,0.012999999999999999,93.403000000000006,18.227,1.2889999999999999,0.155,105.401
James Michael McAdoo,203949.0,0.067000000000000004,0.40500000000000003,0.123,0.39700000000000002,103.907,0.0,0.13900000000000001,0.055,109.81999999999999,7.8650000000000002,0.128,0.050999999999999997,87.730000000000004
Blake Griffin,201933.0,0.154,0.56899999999999995,0.20699999999999999,0.51300000000000001,104.017,0.0,0.27800000000000002,0.063,98.546000000000006,18.536999999999999,1.9990000000000001,0.23200000000000001,115.316
Brandan Wright,201148.0,0.13600000000000001,0.61099999999999999,0.129,0.60299999999999998,103.14,0.0,0.16800000000000001,0.089999999999999997,94.203000000000003,8.1199999999999992,0.088999999999999996,0.050000000000000003,100.99299999999999
Johnny O'Bryant,203948.0,0.065000000000000002,0.53700000000000003,0.125,0.52400000000000002,112.355,0.0,0.20899999999999999,0.092999999999999999,123.526,10.909000000000001,0.13600000000000001,0.115,102.127
Bojan Bogdanovic,202711.0,0.087999999999999995,0.56200000000000006,0.13600000000000001,0.51300000000000001,111.76000000000001,0.0,0.216,0.021999999999999999,102.376,8.7439999999999998,0.60499999999999998,0.083000000000000004,102.206
Steve Novak,200779.0,0.01,0.313,0.13500000000000001,0.313,107.71299999999999,0.0,0.185,0.0,82.350999999999999,0.0,0.0,0.0,103.075
Omer Asik,201600.0,0.052999999999999999,0.36599999999999999,0.23300000000000001,0.33600000000000002,110.361,0.0,0.084000000000000005,0.091999999999999998,100.315,14.019,0.19400000000000001,0.041000000000000002,98.971000000000004
Dante Exum,203957.0,0.047,0.51800000000000002,0.087999999999999995,0.47599999999999998,104.886,0.0,0.184,0.025999999999999999,95.096000000000004,19.111000000000001,0.82999999999999996,0.14299999999999999,104.262
Ronnie Brewer,200758.0,,,,,,,,,,,,,
Jerian Grant,1626170.0,-0.010999999999999999,0.495,0.088999999999999996,0.442,104.078,0.0,0.16700000000000001,0.024,96.927000000000007,21.495999999999999,0.65900000000000003,0.186,101.979
Aaron Gray,201189.0,,,,,,,,,,,,,
Jahlil Okafor,1626143.0,0.087999999999999995,0.53500000000000003,0.17199999999999999,0.51100000000000001,110.30200000000001,0.0,0.245,0.068000000000000005,99.150999999999996,9.0269999999999992,0.48099999999999998,0.114,92.686000000000007
Henry Sims,203156.0,,,,,,,,,,,,,
Ray Allen,951.0,,,,,,,,,,,,,
Dante Cunningham,201967.0,0.063,0.56799999999999995,0.14399999999999999,0.56699999999999995,107.506,0.0,0.109,0.036999999999999998,99.798000000000002,7.1740000000000004,0.20499999999999999,0.031,105.029
Tristan Thompson,202684.0,0.089999999999999997,0.57999999999999996,0.19,0.58999999999999997,106.962,0.0,0.113,0.14099999999999999,98.203999999999994,11.506,0.38900000000000001,0.045999999999999999,110.779
Nando De Colo,201986.0,,,,,,,,,,,,,
James Ennis,203516.0,0.070999999999999994,0.54800000000000004,0.14299999999999999,0.5,103.82299999999999,0.0,0.127,0.050000000000000003,94.134,11.753,0.44,0.064000000000000001,102.79600000000001
Ronny Turiaf,101142.0,,,,,,,,,,,,,
Marcelo Huertas,1626273.0,0.083000000000000004,0.38,0.129,0.35799999999999998,119.235,0.0,0.16,0.0070000000000000001,101.321,35.200000000000003,0.89900000000000002,0.34399999999999997,98.751999999999995
Dexter Pittman,665382.0,,,,,,,,,,,,,
Jerome Jordan,202366.0,,,,,,,,,,,,,
Michael Beasley,201563.0,0.085999999999999993,0.54400000000000004,0.188,0.52100000000000002,108.767,0.0,0.252,0.048000000000000001,98.084999999999994,8.9469999999999992,0.378,0.085999999999999993,101.44
Michael Harris,200839.0,,,,,,,,,,,,,
Victor Claver,201964.0,,,,,,,,,,,,,
Marreese Speights,201578.0,0.10299999999999999,0.56899999999999995,0.23599999999999999,0.52600000000000002,109.298,0.0,0.23899999999999999,0.076999999999999999,96.932000000000002,7.5670000000000002,0.379,0.075999999999999998,104.59
Maalik Wayns,203146.0,,,,,,,,,,,,,
Damjan Rudez,204014.0,-0.014,0.29299999999999998,0.091999999999999998,0.29299999999999998,114.556,0.0,0.13300000000000001,0.012,94.016999999999996,16.122,0.043999999999999997,0.123,92.427000000000007
Chase Budinger,201978.0,,,,,,,,,,,,,
CJ Watson,201228.0,0.057000000000000002,0.41599999999999998,0.085999999999999993,0.379,109.15000000000001,0.0,0.13600000000000001,0.012999999999999999,98.006,27.425000000000001,0.79300000000000004,0.20000000000000001,94.629000000000005
Tobias Harris,202699.0,0.111,0.56499999999999995,0.158,0.52800000000000002,105.78700000000001,0.0,0.219,0.025999999999999999,97.527000000000001,9.7729999999999997,0.69799999999999995,0.085999999999999993,103.794
Danny Granger,101122.0,,,,,,,,,,,,,
Cristiano Felicio,1626245.0,0.096000000000000002,0.57999999999999996,0.19400000000000001,0.54500000000000004,105.128,0.0,0.13200000000000001,0.129,97.492999999999995,11.096,0.17799999999999999,0.067000000000000004,97.135000000000005
Eric Gordon,201569.0,0.082000000000000003,0.55800000000000005,0.085999999999999993,0.53100000000000003,105.48699999999999,0.0,0.217,0.012999999999999999,102.785,13.241,1.27,0.123,111.599
Jeremy Tyler,202719.0,,,,,,,,,,,,,
Matt Bonner,2588.0,,,,,,,,,,,,,
Ian Mahinmi,101133.0,0.063,0.52100000000000002,0.20200000000000001,0.47399999999999998,108.608,0.0,0.13500000000000001,0.083000000000000004,98.484999999999999,10.494,0.50900000000000001,0.063,101.389
Allen Crabbe,203459.0,0.069000000000000006,0.58499999999999996,0.108,0.55500000000000005,110.532,0.0,0.14799999999999999,0.01,100.41800000000001,9.6839999999999993,0.55900000000000005,0.058000000000000003,105.53700000000001
Clint Capela,203991.0,0.13,0.63200000000000001,0.252,0.63500000000000001,106.462,0.0,0.19700000000000001,0.121,100.989,8.1460000000000008,0.41599999999999998,0.070000000000000007,111.761
Danny Green,201980.0,0.064000000000000001,0.55700000000000005,0.11600000000000001,0.53600000000000003,103.629,0.0,0.13700000000000001,0.021999999999999999,94.359999999999999,18.25,0.82999999999999996,0.095000000000000001,108.682
Aaron Gordon,203932.0,0.085000000000000006,0.51200000000000001,0.14199999999999999,0.47999999999999998,108.279,0.0,0.20000000000000001,0.050999999999999997,99.501999999999995,12.329000000000001,0.995,0.098000000000000004,104.979
Furkan Aldemir,203128.0,,,,,,,,,,,,,
Mustafa Shakur,201203.0,,,,,,,,,,,,,
Russell Westbrook,201566.0,0.22800000000000001,0.55000000000000004,0.28000000000000003,0.47399999999999998,104.66,0.0,0.40799999999999997,0.051999999999999998,102.26300000000001,23.765000000000001,2.351,0.53500000000000003,107.873
Trey Lyles,1626168.0,0.085000000000000006,0.39800000000000002,0.19400000000000001,0.36299999999999999,103.41800000000001,0.0,0.20899999999999999,0.051999999999999998,94.835999999999999,13.492000000000001,0.45100000000000001,0.099000000000000005,104.11799999999999
Dirk Nowitzki,1717.0,0.123,0.53000000000000003,0.26600000000000001,0.497,106.59399999999999,0.0,0.25600000000000001,0.017000000000000001,96.286000000000001,9.1780000000000008,0.83199999999999996,0.10000000000000001,104.337
Luc Mbah a Moute,201601.0,0.055,0.55300000000000005,0.082000000000000003,0.52200000000000002,103.75,0.0,0.121,0.031,98.102999999999994,7.1340000000000003,0.17199999999999999,0.031,109.11499999999999
DeMar DeRozan,201942.0,0.14999999999999999,0.54600000000000004,0.13400000000000001,0.46800000000000003,107.235,0.0,0.33600000000000002,0.028000000000000001,97.408000000000001,12.789999999999999,1.7050000000000001,0.19700000000000001,108.813
Glen Davis,201175.0,,,,,,,,,,,,,
Josh Harrellson,202725.0,,,,,,,,,,,,,
Drew Gordon,204079.0,,,,,,,,,,,,,
Tim Duncan,1495.0,,,,,,,,,,,,,
Wayne Ellington,201961.0,0.072999999999999995,0.54500000000000004,0.087999999999999995,0.52100000000000002,105.40300000000001,0.0,0.17799999999999999,0.016,97.114000000000004,9.032,0.29799999999999999,0.065000000000000002,106.098
Shabazz Napier,203894.0,0.075999999999999998,0.41899999999999998,0.10000000000000001,0.379,109.133,0.0,0.19,0.012,128.04900000000001,19.553999999999998,0.58299999999999996,0.185,105.696
Mason Plumlee,203486.0,0.11,0.56100000000000005,0.223,0.55000000000000004,112.262,0.0,0.183,0.090999999999999998,99.078000000000003,22.963000000000001,2.048,0.183,109.959
Matt Barnes,2440.0,0.070999999999999994,0.48999999999999999,0.187,0.46100000000000002,109.822,0.0,0.154,0.041000000000000002,98.268000000000001,25.359000000000002,1.242,0.17799999999999999,103.529
Earl Watson,2248.0,,,,,,,,,,,,,
Justin Hamilton,203120.0,0.081000000000000003,0.51300000000000001,0.16500000000000001,0.499,112.098,0.0,0.16700000000000001,0.059999999999999998,102.949,9.4939999999999998,0.47699999999999998,0.073999999999999996,97.738
Dahntay Jones,2563.0,-0.014,0.20899999999999999,0.070000000000000007,0.19600000000000001,129.81399999999999,0.0,0.122,0.010999999999999999,191.809,5.9710000000000001,0.14299999999999999,0.051999999999999998,94.143000000000001
Elliot Williams,202343.0,,,,,,,,,,,,,
Lamar Patterson,203934.0,-0.11899999999999999,0.20000000000000001,0.095000000000000001,0.155,91.359999999999999,0.0,0.26900000000000002,0.012999999999999999,92.331999999999994,16.66,0.29999999999999999,0.16700000000000001,105.36
Gustavo Ayon,202970.0,,,,,,,,,,,,,
Landry Fields,202361.0,,,,,,,,,,,,,
Tyshawn Taylor,203116.0,,,,,,,,,,,,,
Joel Freeland,200777.0,,,,,,,,,,,,,
Iman Shumpert,202697.0,0.056000000000000001,0.53600000000000003,0.109,0.505,108.033,0.0,0.13900000000000001,0.025000000000000001,98.147000000000006,15.436,0.68000000000000005,0.089999999999999997,109.837
Andrew Nicholson,203094.0,0.066000000000000003,0.39600000000000002,0.17100000000000001,0.34599999999999997,113.392,0.0,0.18099999999999999,0.048000000000000001,96.899000000000001,8.1600000000000001,0.066000000000000003,0.050000000000000003,97.724000000000004
JJ Redick,200755.0,0.084000000000000005,0.58299999999999996,0.078,0.54400000000000004,104.95999999999999,0.0,0.215,0.0060000000000000001,98.462999999999994,8.5310000000000006,0.80100000000000005,0.070999999999999994,113.23699999999999
Harrison Barnes,203084.0,0.113,0.53200000000000003,0.13500000000000001,0.49199999999999999,105.96599999999999,0.0,0.255,0.037999999999999999,93.936000000000007,7.2110000000000003,0.65200000000000002,0.076999999999999999,103.827
RJ Hunter,1626154.0,-0.032000000000000001,0.0,0.067000000000000004,0.0,103.40000000000001,0.0,0.028000000000000001,0.0,90.849999999999994,0.0,0.0,0.0,20.832999999999998
Ryan Anderson,201583.0,0.073999999999999996,0.54800000000000004,0.114,0.51400000000000001,106.729,0.0,0.17499999999999999,0.057000000000000002,101.27,6.681,0.36499999999999999,0.044999999999999998,112.848
Dennis Schroder,203471.0,0.11600000000000001,0.53300000000000003,0.087999999999999995,0.49299999999999999,106.733,0.0,0.27400000000000002,0.019,100.236,24.119,2.6709999999999998,0.34399999999999997,102.98699999999999
Ray McCallum,203492.0,,,,,,,,,,,,,
Cartier Martin,201858.0,,,,,,,,,,,,,
Joffrey Lauvergne,203530.0,0.075999999999999998,0.47799999999999998,0.216,0.45900000000000002,108.078,0.0,0.19600000000000001,0.083000000000000004,99.135000000000005,15.944000000000001,0.40600000000000003,0.122,101.37
Serge Ibaka,201586.0,0.10299999999999999,0.55000000000000004,0.191,0.52900000000000003,108.248,0.0,0.214,0.056000000000000001,97.563000000000002,5.8780000000000001,0.55900000000000005,0.052999999999999999,103.456
Sean Kilpatrick,203930.0,0.092999999999999999,0.53800000000000003,0.14799999999999999,0.47699999999999998,109.52,0.0,0.23499999999999999,0.014,103.43899999999999,13.454000000000001,1.0449999999999999,0.14899999999999999,102.70999999999999
Tyson Chandler,2199.0,0.129,0.71399999999999997,0.33300000000000002,0.69199999999999995,110.30200000000001,0.0,0.114,0.129,102.036,8.3740000000000006,0.33000000000000002,0.036999999999999998,105.477
Jerryd Bayless,201573.0,0.086999999999999994,0.41099999999999998,0.125,0.33900000000000002,108.93300000000001,0.0,0.28899999999999998,0.055,98.040000000000006,23.433,1.5669999999999999,0.39300000000000002,94.466999999999999
Richard Jefferson,2210.0,0.0089999999999999993,0.51600000000000001,0.11,0.48599999999999999,107.495,0.0,0.125,0.024,98.780000000000001,15.827,0.44600000000000001,0.065000000000000002,109.542
Arinze Onuaku,202620.0,0.045999999999999999,0.25,0.083000000000000004,0.25,137.83799999999999,0.0,0.153,0.16700000000000001,86.084000000000003,12.499000000000001,0.0,0.050000000000000003,70.137
Reggie Jackson,202704.0,0.086999999999999994,0.497,0.081000000000000003,0.45200000000000001,111.51300000000001,0.0,0.26300000000000001,0.012999999999999999,96.769000000000005,23.904,2.3159999999999998,0.312,100.33799999999999
Ryan Kelly,203527.0,0.13900000000000001,0.29999999999999999,0.16,0.26300000000000001,97.986999999999995,0.0,0.11700000000000001,0.0030000000000000001,96.491,16.899000000000001,0.125,0.098000000000000004,91.799999999999997
Nate Robinson,101126.0,,,,,,,,,,,,,
Spencer Dinwiddie,203915.0,0.083000000000000004,0.51900000000000002,0.105,0.44800000000000001,105.214,0.0,0.14899999999999999,0.02,101.724,28.366,1.548,0.222,100.89
Carl Landry,201171.0,,,,,,,,,,,,,
Nick Johnson,203910.0,,,,,,,,,,,,,
Jason Thompson,201574.0,,,,,,,,,,,,,
Tony Snell,203503.0,0.063,0.60099999999999998,0.109,0.58799999999999997,107.83799999999999,0.0,0.123,0.010999999999999999,96.742000000000004,14.170999999999999,0.53900000000000003,0.060999999999999999,107.084
Dion Waiters,203079.0,0.091999999999999998,0.5,0.104,0.48099999999999998,105.196,0.0,0.26200000000000001,0.014,98.239999999999995,19.484999999999999,2.407,0.23400000000000001,105.648
Andris Biedrins,2740.0,,,,,,,,,,,,,
Andre Miller,1889.0,,,,,,,,,,,,,
Royal Ivey,2767.0,,,,,,,,,,,,,
Keith Bogans,2586.0,,,,,,,,,,,,,
Kent Bazemore,203145.0,0.065000000000000002,0.48299999999999998,0.10199999999999999,0.45100000000000001,105.54300000000001,0.0,0.20699999999999999,0.027,100.639,16.271000000000001,1.3080000000000001,0.14499999999999999,102.327
Darius Miller,203121.0,,,,,,,,,,,,,
Nemanja Bjelica,202357.0,0.065000000000000002,0.48699999999999999,0.18099999999999999,0.47399999999999998,105.026,0.0,0.16700000000000001,0.050999999999999997,97.314999999999998,13.475,0.48299999999999998,0.091999999999999998,103.19499999999999
Tayshaun Prince,2419.0,,,,,,,,,,,,,
DeJuan Blair,201971.0,,,,,,,,,,,,,
Tyler Zeller,203092.0,0.014999999999999999,0.439,0.161,0.42499999999999999,109.96599999999999,0.0,0.16,0.085999999999999993,98.658000000000001,18.445,0.17799999999999999,0.107,99.397000000000006
Terrence Ross,203082.0,0.080000000000000002,0.52800000000000002,0.111,0.51100000000000001,107.374,0.0,0.19,0.01,99.424999999999997,9.7859999999999996,0.52000000000000002,0.065000000000000002,111.572
Thanasis Antetokounmpo,203648.0,,,,,,,,,,,,,
Eric Moreland,203961.0,,,,,,,,,,,,,
Gerald Henderson,201945.0,0.058999999999999997,0.505,0.109,0.46500000000000002,109.541,0.0,0.18099999999999999,0.023,100.785,13.541,0.78400000000000003,0.106,97.391999999999996
Francisco Garcia,101128.0,,,,,,,,,,,,,
Andre Drummond,203083.0,0.13600000000000001,0.51700000000000002,0.377,0.53000000000000003,109.721,0.0,0.223,0.14599999999999999,96.671000000000006,7.1349999999999998,0.61399999999999999,0.059999999999999998,102.432
Nicolas Batum,201587.0,0.11899999999999999,0.52300000000000002,0.17999999999999999,0.46500000000000002,106.26600000000001,0.0,0.22,0.019,98.804000000000002,26.553000000000001,2.6459999999999999,0.27700000000000002,107.548
Andrea Bargnani,200745.0,,,,,,,,,,,,,
Glenn Robinson,203922.0,0.094,0.54100000000000004,0.13600000000000001,0.54000000000000004,108.086,0.0,0.126,0.043999999999999997,98.828999999999994,10.529,0.22,0.058999999999999997,101.315
James Anderson,202341.0,,,,,,,,,,,,,
Phil Pressey,203515.0,,,,,,,,,,,,,
Arron Afflalo,201167.0,0.055,0.54500000000000004,0.085999999999999993,0.505,112.22,0.0,0.14599999999999999,0.0080000000000000002,96.251999999999995,12.24,0.28899999999999998,0.074999999999999997,100.49299999999999
Andray Blatche,101154.0,,,,,,,,,,,,,
Cody Zeller,203469.0,0.094,0.60399999999999998,0.17899999999999999,0.57899999999999996,103.23099999999999,0.0,0.158,0.085000000000000006,97.537000000000006,14.553000000000001,0.88800000000000001,0.089999999999999997,108.5
Marcus Morris,202694.0,0.075999999999999998,0.48999999999999999,0.122,0.46100000000000002,106.91500000000001,0.0,0.20300000000000001,0.029999999999999999,96.915000000000006,11.815,0.93200000000000005,0.095000000000000001,102.377
Derrick Rose,201565.0,0.107,0.52500000000000002,0.092999999999999999,0.46999999999999997,111.523,0.0,0.25600000000000001,0.031,99.242000000000004,18.384,1.966,0.216,106.794
Myles Turner,1626167.0,0.111,0.57299999999999995,0.193,0.52400000000000002,105.49299999999999,0.0,0.19900000000000001,0.063,98.576999999999998,9.0190000000000001,0.77200000000000002,0.067000000000000004,108.265
Brendan Haywood,2217.0,,,,,,,,,,,,,
Stephen Jackson,1536.0,,,,,,,,,,,,,
Ronnie Price,101179.0,0.036999999999999998,0.253,0.042999999999999997,0.159,121.49299999999999,0.0,0.068000000000000005,0.012999999999999999,104.056,29.984000000000002,0.35699999999999998,0.13600000000000001,102.2
Luis Scola,2449.0,0.091999999999999998,0.498,0.21099999999999999,0.45800000000000002,111.958,0.0,0.191,0.107,102.074,14.475,0.44900000000000001,0.105,102.322
Brian Roberts,203148.0,0.083000000000000004,0.45100000000000001,0.10000000000000001,0.35499999999999998,104.92400000000001,0.0,0.19700000000000001,0.019,93.747,22.077999999999999,0.38200000000000001,0.26600000000000001,96.605000000000004
Marcin Gortat,101162.0,0.109,0.57699999999999996,0.26800000000000002,0.56200000000000006,108.52500000000001,0.0,0.14599999999999999,0.111,99.796999999999997,13.106,0.94699999999999995,0.069000000000000006,110.67400000000001
Kawhi Leonard,202695.0,0.18099999999999999,0.623,0.16300000000000001,0.55100000000000005,104.56,0.0,0.309,0.040000000000000001,95.323999999999998,13.5,1.8979999999999999,0.192,113.929
MarShon Brooks,202705.0,,,,,,,,,,,,,
Anthony Randolph,201576.0,,,,,,,,,,,,,
Kenyon Martin,2030.0,,,,,,,,,,,,,
Al Jefferson,2744.0,0.13900000000000001,0.49399999999999999,0.254,0.47599999999999998,110.88,0.0,0.26100000000000001,0.087999999999999995,96.655000000000001,8.5199999999999996,0.28299999999999997,0.10000000000000001,101.983
Channing Frye,101112.0,0.097000000000000003,0.622,0.185,0.59499999999999997,112.33499999999999,0.0,0.20100000000000001,0.028000000000000001,98.212000000000003,7.3120000000000003,0.224,0.057000000000000002,111.581
Devin Harris,2734.0,0.090999999999999998,0.51700000000000002,0.115,0.45500000000000002,105.66200000000001,0.0,0.193,0.01,95.344999999999999,21.562000000000001,1.1970000000000001,0.19500000000000001,106.691
Shane Larkin,203499.0,,,,,,,,,,,,,
Ben Gordon,2732.0,,,,,,,,,,,,,
Otto Porter,203490.0,0.108,0.61499999999999999,0.17399999999999999,0.59499999999999997,107.441,0.0,0.14799999999999999,0.048000000000000001,100.389,11.638,0.52900000000000003,0.064000000000000001,110.405
Darren Collison,201954.0,0.098000000000000004,0.55800000000000005,0.075999999999999998,0.51900000000000002,110.973,0.0,0.20000000000000001,0.014,96.200000000000003,25.503,2.1150000000000002,0.245,105.27800000000001
Justin Anderson,1626147.0,0.10000000000000001,0.502,0.19600000000000001,0.46500000000000002,111.191,0.0,0.20999999999999999,0.056000000000000001,96.975999999999999,7.5190000000000001,0.39800000000000002,0.064000000000000001,97.048000000000002
Alec Burks,202692.0,0.082000000000000003,0.48499999999999999,0.16900000000000001,0.44800000000000001,106.364,0.0,0.219,0.024,95.260000000000005,8.2170000000000005,0.17000000000000001,0.071999999999999995,108.417
JaKarr Sampson,203960.0,,,,,,,,,,,,,
Nerlens Noel,203457.0,0.13200000000000001,0.62,0.218,0.59399999999999997,105.956,0.0,0.18099999999999999,0.10199999999999999,99.039000000000001,11.130000000000001,0.55500000000000005,0.070999999999999994,102.09399999999999
Ryan Gomes,101155.0,,,,,,,,,,,,,
Giannis Antetokounmpo,203507.0,0.17499999999999999,0.58999999999999997,0.23100000000000001,0.53600000000000003,105.97499999999999,0.0,0.28299999999999997,0.056000000000000001,96.146000000000001,19.456,2.1459999999999999,0.26700000000000002,106.578
Chris Smith,203147.0,,,,,,,,,,,,,
Andre Iguodala,2738.0,0.099000000000000005,0.58199999999999996,0.13700000000000001,0.55700000000000005,101.67100000000001,0.0,0.11700000000000001,0.028000000000000001,102.101,33.162999999999997,1.448,0.17299999999999999,114.16800000000001
Stanley Johnson,1626169.0,0.033000000000000002,0.41199999999999998,0.14599999999999999,0.39600000000000002,104.77800000000001,0.0,0.151,0.034000000000000002,97.119,17.044,0.78400000000000003,0.092999999999999999,101.73399999999999
Alonzo Gee,202087.0,-0.095000000000000001,0.14399999999999999,0.095000000000000001,0.096000000000000002,106.485,0.0,0.086999999999999994,0.063,106.44499999999999,20.975000000000001,0.0,0.052999999999999999,86.853999999999999
Gary Harris,203914.0,0.087999999999999995,0.59699999999999998,0.082000000000000003,0.57599999999999996,115.56100000000001,0.0,0.184,0.032000000000000001,100.35299999999999,16.763000000000002,1.377,0.128,114.479
Elton Brand,1882.0,,,,,,,,,,,,,
Evan Fournier,203095.0,0.081000000000000003,0.54300000000000004,0.078,0.49399999999999999,106.336,0.0,0.22900000000000001,0.02,98.006,13.733000000000001,1.3320000000000001,0.14299999999999999,100.158
Trey Burke,203504.0,0.055,0.41099999999999998,0.055,0.40200000000000002,111.072,0.0,0.19900000000000001,0.012999999999999999,96.435000000000002,26.093,0.78900000000000003,0.253,98.150000000000006
Mario Hezonja,1626209.0,0.049000000000000002,0.43099999999999999,0.123,0.39800000000000002,113.837,0.0,0.193,0.029000000000000001,95.786000000000001,10.448,0.44400000000000001,0.085000000000000006,87.861999999999995
Jared Dudley,201162.0,0.073999999999999996,0.54600000000000004,0.161,0.52300000000000002,105.334,0.0,0.13300000000000001,0.02,103.18300000000001,19.561,1.109,0.11700000000000001,102.06999999999999
John Henson,203089.0,0.083000000000000004,0.50900000000000001,0.20300000000000001,0.47699999999999998,108.845,0.0,0.17199999999999999,0.091999999999999998,96.076999999999998,11.243,0.372,0.071999999999999995,102.72499999999999
Jan Vesely,202686.0,,,,,,,,,,,,,
Chris Wright,202874.0,,,,,,,,,,,,,
Andre Roberson,203460.0,0.056000000000000001,0.502,0.13200000000000001,0.50700000000000001,103.82299999999999,0.0,0.10199999999999999,0.049000000000000002,100.827,12.023,0.41899999999999998,0.044999999999999998,105.68600000000001
Grant Jerrett,203511.0,,,,,,,,,,,,,
Jonas Jerebko,201973.0,0.067000000000000004,0.52200000000000002,0.19700000000000001,0.503,108.027,0.0,0.11600000000000001,0.066000000000000003,99.207999999999998,17.687000000000001,0.313,0.085999999999999993,108.41800000000001
Aron Baynes,203382.0,0.081000000000000003,0.55300000000000005,0.20300000000000001,0.48099999999999998,99.400999999999996,0.0,0.13900000000000001,0.104,97.239000000000004,7.2199999999999998,0.249,0.036999999999999998,103.80800000000001
Jarrett Jack,101127.0,0.044999999999999998,0.38700000000000001,0.0,0.33400000000000002,101.59999999999999,0.0,0.076999999999999999,0.0,98.159999999999997,45.25,1.5,0.24299999999999999,93.950000000000003
J.J. O'Brien,1626266.0,,,,,,,,,,,,,
Markieff Morris,202693.0,0.086999999999999994,0.54000000000000004,0.182,0.496,105.889,0.0,0.20599999999999999,0.050000000000000003,100.068,10.063000000000001,0.78400000000000003,0.075999999999999998,110.408
Alex Len,203458.0,0.097000000000000003,0.55600000000000005,0.25600000000000001,0.5,112.17,0.0,0.17899999999999999,0.10000000000000001,103.15300000000001,5.7320000000000002,0.28999999999999998,0.045999999999999999,99.212999999999994
Jack Cooley,204022.0,,,,,,,,,,,,,
Ryan Hollins,200797.0,,,,,,,,,,,,,
Dwight Howard,2730.0,0.14399999999999999,0.62,0.312,0.628,104.25,0.0,0.189,0.152,99.936000000000007,9.9090000000000007,0.68600000000000005,0.072999999999999995,101.20399999999999
Paul Pierce,1718.0,0.033000000000000002,0.438,0.154,0.41799999999999998,106.877,0.0,0.14499999999999999,0.0070000000000000001,96.722999999999999,11.816000000000001,0.22600000000000001,0.065000000000000002,108.648
Robert Sacre,203135.0,,,,,,,,,,,,,
Gal Mekel,203539.0,,,,,,,,,,,,,
Patty Mills,201988.0,0.090999999999999998,0.56100000000000005,0.080000000000000002,0.54100000000000004,102.04300000000001,0.0,0.189,0.014,99.019999999999996,24.893999999999998,1.972,0.219,111.935
Greg Monroe,202328.0,0.13800000000000001,0.57399999999999995,0.23100000000000001,0.53700000000000003,108.557,0.0,0.24399999999999999,0.107,97.010999999999996,15.535,1.22,0.16600000000000001,108.679
Emmanuel Mudiay,1626144.0,0.068000000000000005,0.46300000000000002,0.11,0.40400000000000003,111.664,0.0,0.219,0.023,102.996,23.256,1.9419999999999999,0.218,105.30500000000001
Shabazz Muhammad,203498.0,0.082000000000000003,0.54700000000000004,0.108,0.50800000000000001,107.229,0.0,0.20999999999999999,0.058000000000000003,98.019000000000005,4.1870000000000003,0.193,0.037999999999999999,103.42100000000001
Kristaps Porzingis,204001.0,0.105,0.53800000000000003,0.17299999999999999,0.497,108.03,0.0,0.245,0.056000000000000001,99.216999999999999,7.056,0.71399999999999997,0.071999999999999995,104.30500000000001
Chandler Parsons,202718.0,0.065000000000000002,0.41499999999999998,0.13600000000000001,0.377,107.61799999999999,0.0,0.185,0.0089999999999999993,93.769999999999996,17.029,0.55900000000000005,0.122,103.729
Chris Andersen,2365.0,0.072999999999999995,0.52500000000000002,0.20599999999999999,0.43099999999999999,110.517,0.0,0.14199999999999999,0.078,98.329999999999998,7.4169999999999998,0.125,0.042999999999999997,105.95
Mitch McGary,203956.0,,,,,,,,,,,,,
Sasha Kaun,201619.0,,,,,,,,,,,,,
Jose Juan Barea,200826.0,0.13200000000000001,0.5,0.13,0.47999999999999998,102.889,0.0,0.26800000000000002,0.014,95.403999999999996,31.780000000000001,2.601,0.45200000000000001,105.283
Ed Davis,202334.0,0.032000000000000001,0.53400000000000003,0.20999999999999999,0.46500000000000002,114.291,0.0,0.11899999999999999,0.11899999999999999,99.346999999999994,9.1760000000000002,0.29299999999999998,0.049000000000000002,101.60899999999999
Gerald Green,101123.0,0.048000000000000001,0.46300000000000002,0.11799999999999999,0.437,109.553,0.0,0.22,0.027,97.760000000000005,14.871,0.30499999999999999,0.124,102.81399999999999
Nikola Mirotic,202703.0,0.090999999999999998,0.52000000000000002,0.20399999999999999,0.48599999999999999,104.967,0.0,0.19600000000000001,0.034000000000000002,97.587000000000003,8.9870000000000001,0.59599999999999997,0.072999999999999995,105.01300000000001
Chris Douglas-Roberts,201604.0,,,,,,,,,,,,,
Shawne Williams,200761.0,,,,,,,,,,,,,
Jordan Crawford,202348.0,0.108,0.59299999999999997,0.081000000000000003,0.57999999999999996,111.958,0.0,0.26000000000000001,0.010999999999999999,98.872,17.667999999999999,1.3160000000000001,0.20000000000000001,112.184
Victor Oladipo,203506.0,0.088999999999999996,0.53000000000000003,0.128,0.50600000000000001,102.922,0.0,0.20999999999999999,0.019,100.97199999999999,12.958,1.274,0.11600000000000001,104.429
Nikola Jokic,203999.0,0.159,0.63300000000000001,0.26300000000000001,0.60599999999999998,109.70399999999999,0.0,0.23100000000000001,0.11600000000000001,100.779,24.414000000000001,2.2749999999999999,0.26200000000000001,114.271
Delon Wright,1626153.0,0.10199999999999999,0.46999999999999997,0.081000000000000003,0.39200000000000002,100.32599999999999,0.0,0.155,0.034000000000000002,94.135000000000005,27.367999999999999,0.79100000000000004,0.20300000000000001,103.81699999999999
D.J. Augustin,201571.0,0.076999999999999999,0.50800000000000001,0.081000000000000003,0.45100000000000001,111.232,0.0,0.20100000000000001,0.010999999999999999,97.384,23.899000000000001,1.4570000000000001,0.24299999999999999,93.436000000000007
Jimmy Butler,202710.0,0.159,0.58099999999999996,0.13100000000000001,0.49199999999999999,104.28,0.0,0.26200000000000001,0.050000000000000003,97.510000000000005,19.379000000000001,2.5,0.23400000000000001,106.08
Jarell Eddie,204067.0,0.069000000000000006,0.52500000000000002,0.081000000000000003,0.26700000000000002,97.799999999999997,0.0,0.129,0.10000000000000001,102.944,0.0,0.0,0.0,121.09999999999999
Andrew Bogut,101106.0,0.16900000000000001,0.41799999999999998,0.30099999999999999,0.42899999999999999,102.444,0.0,0.099000000000000005,0.092999999999999999,91.763000000000005,29.010000000000002,0.95699999999999996,0.126,92.418999999999997
Derrick Favors,202324.0,0.114,0.50800000000000001,0.216,0.49199999999999999,104.962,0.0,0.20499999999999999,0.097000000000000003,92.614000000000004,8.9480000000000004,0.55200000000000005,0.072999999999999995,104.855
Kendrick Perkins,2570.0,,,,,,,,,,,,,
Jrue Holiday,201950.0,0.11799999999999999,0.51700000000000002,0.10299999999999999,0.495,102.578,0.0,0.23699999999999999,0.021000000000000001,100.11799999999999,29.581,3.4769999999999999,0.36199999999999999,103.364
Terrence Jones,203093.0,0.113,0.47499999999999998,0.20999999999999999,0.44700000000000001,104.70699999999999,0.0,0.216,0.045999999999999999,99.373999999999995,7.6849999999999996,0.61699999999999999,0.070000000000000007,99.912999999999997
Bryce Dejean-Jones,1626214.0,,,,,,,,,,,,,
Jeremy Lin,202391.0,0.13,0.57799999999999996,0.14299999999999999,0.53000000000000003,107.831,0.0,0.26100000000000001,0.01,106.843,24.391999999999999,2.4849999999999999,0.32800000000000001,103.444
Andrew Bynum,101115.0,,,,,,,,,,,,,
Markel Brown,203900.0,,,,,,,,,,,,,
Alexis Ajinca,201582.0,0.084000000000000005,0.443,0.221,0.42699999999999999,106.036,0.0,0.16800000000000001,0.088999999999999996,101.107,6.3259999999999996,0.107,0.035999999999999997,103.026
Rashad Vaughn,1626173.0,0.027,0.27100000000000002,0.095000000000000001,0.27000000000000002,117.93000000000001,0.0,0.14999999999999999,0.0030000000000000001,94.882000000000005,11.704000000000001,0.12,0.112,90.009
Andrei Kirilenko,1905.0,,,,,,,,,,,,,
Montrezl Harrell,1626149.0,0.083000000000000004,0.621,0.151,0.61299999999999999,112.238,0.0,0.17199999999999999,0.080000000000000002,102.551,13.765000000000001,0.34899999999999998,0.107,106.254
Paul George,202331.0,0.13500000000000001,0.57999999999999996,0.17999999999999999,0.52500000000000002,106.58499999999999,0.0,0.28999999999999998,0.025000000000000001,98.111999999999995,13.241,1.468,0.16300000000000001,109.04300000000001
Lou Amundson,200811.0,,,,,,,,,,,,,
Christian Wood,1626174.0,0.032000000000000001,0.30599999999999999,0.13300000000000001,0.28199999999999997,92.492000000000004,0.0,0.13700000000000001,0.085999999999999993,97.045000000000002,5.1310000000000002,0.076999999999999999,0.021000000000000001,92.576999999999998
Erik Murphy,203513.0,,,,,,,,,,,,,
Miroslav Raduljica,203545.0,,,,,,,,,,,,,
