Rk,Player,Season,Age,Tm,Lg,G,MP,TS%,GS,MP,FG,FGA,2P,2PA,3P,3PA,FT,FTA,ORB,DRB,TRB,AST,STL,BLK,TOV,PF,PTS,FG%,2P%,3P%,eFG%,FT%
1,Rudy Gobert\goberru01,2016-17,24,UTA,NBA,81,33.9,.682,81,2744,413,624,413,623,0,1,311,476,314,721,1035,97,49,214,148,246,1137,.662,.663,.000,.662,.653
2,Lucas Nogueira\noguelu01,2016-17,24,TOR,NBA,57,19.1,.682,6,1088,103,156,100,144,3,12,44,67,82,161,243,42,52,90,46,137,253,.660,.694,.250,.670,.657
3,DeAndre Jordan\jordade01,2016-17,28,LAC,NBA,81,31.7,.673,81,2570,412,577,412,575,0,2,205,425,297,817,1114,96,52,135,116,212,1029,.714,.717,.000,.714,.482
4,Montrezl Harrell\harremo01,2016-17,23,HOU,NBA,58,18.3,.662,14,1064,225,345,224,338,1,7,76,121,81,138,219,64,20,42,44,126,527,.652,.663,.143,.654,.628
5,Kevin Durant\duranke01,2016-17,28,GSW,NBA,62,33.4,.651,62,2070,551,1026,434,714,117,312,336,384,39,474,513,300,66,99,138,117,1555,.537,.608,.375,.594,.875
6,Salah Mejri\mejrisa01,2016-17,30,DAL,NBA,73,12.4,.650,11,905,88,137,87,134,1,3,36,61,97,211,308,14,32,61,40,152,213,.642,.649,.333,.646,.590
7,Brandon Bass\bassbr01,2016-17,31,LAC,NBA,52,11.1,.650,0,577,107,186,106,183,1,3,77,88,43,86,129,21,14,11,29,45,292,.575,.579,.333,.578,.875
8,Dewayne Dedmon\dedmode01,2016-17,27,SAS,NBA,76,17.5,.645,37,1330,161,259,161,259,0,0,65,93,129,366,495,44,37,61,61,180,387,.622,.622,,.622,.699
9,Nikola Jokic\jokicni01,2016-17,21,DEN,NBA,73,27.9,.640,59,2038,494,854,449,715,45,139,188,228,212,506,718,359,61,56,171,214,1221,.578,.628,.324,.605,.825
10,Clint Capela\capelca01,2016-17,22,HOU,NBA,65,23.9,.638,59,1551,362,563,362,563,0,0,94,177,178,348,526,64,34,80,87,179,818,.643,.643,,.643,.531
11,Kyle Korver\korveky01,2016-17,35,TOT,NBA,67,26.2,.635,22,1753,239,515,77,156,162,359,38,42,8,179,187,110,34,21,69,107,678,.464,.494,.451,.621,.905
12,Nene Hilario\hilarne01,2016-17,34,HOU,NBA,67,17.9,.630,8,1198,245,397,242,388,3,9,116,197,95,186,281,65,56,40,73,163,609,.617,.624,.333,.621,.589
13,Otto Porter\porteot01,2016-17,23,WAS,NBA,80,32.6,.628,80,2605,414,803,266,462,148,341,99,119,118,397,515,121,116,41,43,193,1075,.516,.576,.434,.608,.832
14,Amir Johnson\johnsam01,2016-17,29,BOS,NBA,80,20.1,.628,77,1608,213,370,186,304,27,66,67,100,117,248,365,140,52,62,77,211,520,.576,.612,.409,.612,.670
15,Dwight Howard\howardw01,2016-17,31,ATL,NBA,74,29.7,.627,74,2199,388,613,388,611,0,2,226,424,296,644,940,104,64,92,170,203,1002,.633,.635,.000,.633,.533
16,Isaiah Thomas\thomais02,2016-17,27,BOS,NBA,76,33.8,.625,76,2569,682,1473,437,827,245,646,590,649,43,162,205,449,70,13,210,167,2199,.463,.528,.379,.546,.909
17,Andre Iguodala\iguodan01,2016-17,33,GSW,NBA,76,26.3,.624,0,1998,219,415,155,238,64,177,72,102,51,253,304,262,76,39,58,97,574,.528,.651,.362,.605,.706
18,Stephen Curry\curryst01,2016-17,28,GSW,NBA,79,33.4,.624,79,2638,675,1443,351,654,324,789,325,362,61,292,353,523,143,17,239,183,1999,.468,.537,.411,.580,.898
19,Kyle Lowry\lowryky01,2016-17,30,TOR,NBA,60,37.4,.623,60,2244,426,918,233,450,193,468,299,365,48,240,288,417,88,19,173,170,1344,.464,.518,.412,.569,.819
20,Danilo Gallinari\gallida01,2016-17,28,DEN,NBA,63,33.9,.622,63,2134,335,750,209,426,126,324,349,387,39,287,326,135,40,15,81,93,1145,.447,.491,.389,.531,.902
21,Nerlens Noel\noelne01,2016-17,22,TOT,NBA,51,20.5,.622,19,1047,184,309,184,308,0,1,77,111,93,201,294,50,65,51,51,126,445,.595,.597,.000,.595,.694
22,LeBron James\jamesle01,2016-17,32,CLE,NBA,74,37.8,.619,74,2794,736,1344,612,1002,124,342,358,531,97,543,640,646,92,44,303,134,1954,.548,.611,.363,.594,.674
23,Karl-Anthony Towns\townska01,2016-17,21,MIN,NBA,82,37.0,.618,82,3030,802,1479,701,1204,101,275,356,428,296,711,1007,220,57,103,212,241,2061,.542,.582,.367,.576,.832
24,Chris Paul\paulch01,2016-17,31,LAC,NBA,61,31.5,.614,61,1921,374,785,250,483,124,302,232,260,41,263,304,563,118,8,147,146,1104,.476,.518,.411,.555,.892
25,James Harden\hardeja01,2016-17,27,HOU,NBA,81,36.4,.613,81,2947,674,1533,412,777,262,756,746,881,95,564,659,906,120,37,464,215,2356,.440,.530,.347,.525,.847
26,David Lee\leeda02,2016-17,33,SAS,NBA,79,18.7,.613,10,1477,248,420,248,420,0,0,80,113,148,292,440,124,31,40,82,125,576,.590,.590,,.590,.708
27,Jae Crowder\crowdja01,2016-17,26,BOS,NBA,72,32.4,.613,72,2335,333,720,176,326,157,394,176,217,48,367,415,155,72,23,79,161,999,.463,.540,.398,.572,.811
28,Channing Frye\fryech01,2016-17,33,CLE,NBA,74,18.9,.612,15,1398,238,520,101,185,137,335,63,74,37,253,290,45,33,37,53,138,676,.458,.546,.409,.589,.851
29,Gary Harris\harriga01,2016-17,22,DEN,NBA,57,31.3,.611,56,1782,320,637,213,382,107,255,104,134,48,130,178,164,71,8,76,92,851,.502,.558,.420,.586,.776
30,Richaun Holmes\holmeri01,2016-17,23,PHI,NBA,57,20.9,.611,17,1193,230,412,203,335,27,77,72,103,94,217,311,58,42,55,55,136,559,.558,.606,.351,.591,.699
31,Kawhi Leonard\leonaka01,2016-17,25,SAS,NBA,74,33.4,.611,74,2474,636,1311,489,925,147,386,469,533,80,350,430,260,132,55,154,122,1888,.485,.529,.381,.541,.880
32,Davis Bertans\bertada01,2016-17,24,SAS,NBA,67,12.1,.609,6,808,103,234,34,61,69,173,28,34,22,77,99,46,20,28,32,75,303,.440,.557,.399,.588,.824
33,Mike Conley\conlemi01,2016-17,29,MEM,NBA,69,33.2,.604,68,2292,464,1009,293,590,171,419,316,368,31,211,242,433,92,19,156,126,1415,.460,.497,.408,.545,.859
34,Bradley Beal\bealbr01,2016-17,23,WAS,NBA,77,34.9,.604,77,2684,637,1322,414,770,223,552,282,342,53,186,239,267,83,21,157,169,1779,.482,.538,.404,.566,.825
35,Joe Ingles\inglejo01,2016-17,29,UTA,NBA,82,24.0,.604,26,1972,204,451,81,172,123,279,50,68,23,237,260,224,96,8,107,163,581,.452,.471,.441,.589,.735
36,Cody Zeller\zelleco01,2016-17,24,CHO,NBA,62,27.8,.604,58,1725,253,443,253,442,0,1,133,196,135,270,405,99,62,58,65,189,639,.571,.572,.000,.571,.679
37,Kelly Olynyk\olynyke01,2016-17,25,BOS,NBA,75,20.5,.603,6,1538,260,508,192,316,68,192,90,123,72,288,360,148,43,29,96,207,678,.512,.608,.354,.579,.732
38,Tony Snell\snellto01,2016-17,25,MIL,NBA,80,29.2,.603,80,2336,246,541,102,186,144,355,47,58,22,226,248,96,54,14,55,125,683,.455,.548,.406,.588,.810
39,Allen Crabbe\crabbal01,2016-17,24,POR,NBA,79,28.5,.602,7,2254,303,647,169,345,134,302,105,124,19,206,225,93,54,20,62,171,845,.468,.490,.444,.572,.847
40,Jonas Valanciunas\valanjo01,2016-17,24,TOR,NBA,80,25.8,.601,80,2066,391,702,390,700,1,2,176,217,226,533,759,57,37,63,106,216,959,.557,.557,.500,.558,.811
41,Seth Curry\curryse01,2016-17,26,DAL,NBA,70,29.0,.601,42,2029,338,703,201,381,137,322,85,100,25,153,178,188,79,7,92,126,898,.481,.528,.425,.578,.850
42,Cristiano Felicio\feliccr01,2016-17,24,CHI,NBA,66,15.8,.601,0,1040,128,222,128,222,0,0,60,93,124,187,311,40,25,16,33,110,316,.577,.577,,.577,.645
43,JaMychal Green\greenja01,2016-17,26,MEM,NBA,77,27.3,.601,75,2101,250,500,195,355,55,145,134,167,167,377,544,84,46,34,94,248,689,.500,.549,.379,.555,.802
44,Jason Terry\terryja01,2016-17,39,MIL,NBA,74,18.4,.600,0,1365,105,243,32,72,73,171,24,29,15,91,106,98,45,20,36,95,307,.432,.444,.427,.582,.828
45,Giannis Antetokounmpo\antetgi01,2016-17,22,MIL,NBA,80,35.6,.599,80,2845,656,1259,607,1079,49,180,471,612,142,558,700,434,131,151,234,246,1832,.521,.563,.272,.541,.770
46,J.J. Redick\redicjj01,2016-17,32,LAC,NBA,78,28.2,.599,78,2198,396,890,195,422,201,468,180,202,11,160,171,110,55,13,98,125,1173,.445,.462,.429,.558,.891
47,Enes Kanter\kanteen01,2016-17,24,OKC,NBA,72,21.3,.599,0,1533,402,737,397,699,5,38,224,285,195,287,482,67,32,38,123,154,1033,.545,.568,.132,.549,.786
48,Jason Smith\smithja02,2016-17,30,WAS,NBA,74,14.4,.598,3,1068,174,329,137,251,37,78,35,51,64,194,258,37,21,55,58,168,420,.529,.546,.474,.585,.686
49,Mike Muscala\muscami01,2016-17,25,ATL,NBA,70,17.7,.596,3,1237,170,337,124,227,46,110,49,64,76,164,240,95,30,41,55,97,435,.504,.546,.418,.573,.766
50,Anthony Tolliver\tollian01,2016-17,31,SAC,NBA,65,22.7,.595,9,1477,155,351,65,121,90,230,61,82,51,188,239,77,33,20,56,109,461,.442,.537,.391,.570,.744
51,Gordon Hayward\haywago01,2016-17,26,UTA,NBA,73,34.5,.595,73,2516,545,1156,396,782,149,374,362,429,49,344,393,252,73,20,140,117,1601,.471,.506,.398,.536,.844
52,Tristan Thompson\thomptr01,2016-17,25,CLE,NBA,78,29.9,.594,78,2336,262,437,262,434,0,3,106,213,287,429,716,77,39,84,64,176,630,.600,.604,.000,.600,.498
53,Marcin Gortat\gortama01,2016-17,32,WAS,NBA,82,31.2,.593,82,2556,390,674,390,672,0,2,103,159,238,611,849,121,40,65,118,213,883,.579,.580,.000,.579,.648
54,Lou Williams\willilo02,2016-17,30,TOT,NBA,81,24.6,.593,1,1994,428,998,265,552,163,446,402,457,26,176,202,239,80,19,160,92,1421,.429,.480,.365,.511,.880
55,Juan Hernangomez\hernaju01,2016-17,21,DEN,NBA,62,13.6,.592,9,842,101,224,55,111,46,113,57,76,43,144,187,29,29,12,31,62,305,.451,.495,.407,.554,.750
56,C.J. Miles\milescj01,2016-17,29,IND,NBA,76,23.4,.592,29,1776,281,647,112,238,169,409,84,93,30,199,229,48,46,25,40,151,815,.434,.471,.413,.565,.903
57,Klay Thompson\thompkl01,2016-17,26,GSW,NBA,78,34.0,.592,78,2649,644,1376,376,729,268,647,186,218,49,236,285,160,66,40,128,139,1742,.468,.516,.414,.565,.853
58,Steven Adams\adamsst01,2016-17,23,OKC,NBA,80,29.9,.589,80,2389,374,655,374,654,0,1,157,257,282,333,615,86,88,78,146,195,905,.571,.572,.000,.571,.611
59,Jakob Poeltl\poeltja01,2016-17,21,TOR,NBA,54,11.6,.589,4,626,67,115,67,115,0,0,31,57,78,87,165,12,17,20,29,113,165,.583,.583,,.583,.544
60,Kenneth Faried\farieke01,2016-17,27,DEN,NBA,61,21.2,.588,34,1296,228,416,228,410,0,6,131,189,182,279,461,55,43,40,58,124,587,.548,.556,.000,.548,.693
61,Nick Young\youngni01,2016-17,31,LAL,NBA,60,25.9,.588,60,1556,272,633,102,212,170,421,77,90,25,112,137,58,37,14,36,137,791,.430,.481,.404,.564,.856
62,Zaza Pachulia\pachuza01,2016-17,32,GSW,NBA,70,18.1,.588,70,1268,164,307,164,305,0,2,98,126,140,270,410,132,59,33,88,166,426,.534,.538,.000,.534,.778
63,Dwight Powell\poweldw01,2016-17,25,DAL,NBA,77,17.3,.588,3,1333,194,377,173,303,21,74,107,141,93,213,306,49,61,39,34,135,516,.515,.571,.284,.542,.759
64,Dante Cunningham\cunnida01,2016-17,29,NOP,NBA,66,25.0,.586,35,1649,174,359,103,178,71,181,16,27,56,221,277,36,39,28,28,100,435,.485,.579,.392,.584,.593
65,Paul George\georgpa01,2016-17,26,IND,NBA,75,35.9,.586,75,2689,622,1349,427,853,195,496,336,374,58,434,492,251,117,27,218,206,1775,.461,.501,.393,.533,.898
66,Jimmy Butler\butleji01,2016-17,27,CHI,NBA,76,37.0,.586,75,2809,570,1252,479,1004,91,248,585,676,129,341,470,417,143,32,159,112,1816,.455,.477,.367,.492,.865
67,Damian Lillard\lillada01,2016-17,26,POR,NBA,75,35.9,.586,75,2694,661,1488,447,910,214,578,488,545,46,322,368,439,68,20,197,152,2024,.444,.491,.370,.516,.895
68,Myles Turner\turnemy01,2016-17,20,IND,NBA,81,31.4,.585,81,2541,444,869,404,754,40,115,245,303,139,448,587,106,74,173,105,262,1173,.511,.536,.348,.534,.809
69,C.J. McCollum\mccolcj01,2016-17,25,POR,NBA,80,35.0,.585,80,2796,692,1441,507,1001,185,440,268,294,60,231,291,285,72,42,172,202,1837,.480,.506,.420,.544,.912
70,Bojan Bogdanovic\bogdabo02,2016-17,27,TOT,NBA,81,25.7,.585,54,2083,376,845,232,453,144,392,217,243,37,240,277,111,34,7,130,146,1113,.445,.512,.367,.530,.893
71,Marreese Speights\speigma01,2016-17,29,LAC,NBA,82,15.7,.584,2,1286,244,548,141,271,103,277,120,137,88,285,373,66,23,41,69,229,711,.445,.520,.372,.539,.876
72,Michael Beasley\beaslmi01,2016-17,28,MIL,NBA,56,16.7,.584,6,935,216,406,198,363,18,43,78,105,40,153,193,53,28,27,66,92,528,.532,.545,.419,.554,.743
73,Ryan Anderson\anderry01,2016-17,28,HOU,NBA,72,29.4,.583,72,2116,323,773,119,267,204,506,129,150,112,218,330,68,32,14,55,142,979,.418,.446,.403,.550,.860
74,Luc Mbah a Moute\mbahalu01,2016-17,30,LAC,NBA,80,22.3,.581,76,1787,191,378,148,268,43,110,59,87,47,127,174,39,81,35,47,122,484,.505,.552,.391,.562,.678
75,Spencer Dinwiddie\dinwisp01,2016-17,23,BRK,NBA,59,22.6,.581,18,1334,134,302,96,201,38,101,126,159,27,137,164,185,44,23,66,119,432,.444,.478,.376,.507,.792
76,James Ennis\ennisja01,2016-17,26,MEM,NBA,64,23.5,.581,28,1501,146,321,95,184,51,137,86,110,69,190,259,64,46,19,59,165,429,.455,.516,.372,.534,.782
77,Kyrie Irving\irvinky01,2016-17,24,CLE,NBA,72,35.1,.580,72,2525,671,1420,494,979,177,441,297,328,52,178,230,418,83,25,180,157,1816,.473,.505,.401,.535,.905
78,Anthony Davis\davisan02,2016-17,23,NOP,NBA,75,36.1,.579,75,2708,770,1527,730,1393,40,134,519,647,174,712,886,157,94,167,181,168,2099,.504,.524,.299,.517,.802
79,Jared Dudley\dudleja01,2016-17,31,PHO,NBA,64,21.3,.579,7,1362,157,346,80,143,77,203,43,65,31,194,225,121,42,16,72,154,434,.454,.559,.379,.565,.662
80,Hassan Whiteside\whiteha01,2016-17,27,MIA,NBA,77,32.6,.579,77,2513,542,973,542,973,0,0,225,358,293,795,1088,57,56,161,154,226,1309,.557,.557,,.557,.628
81,Pau Gasol\gasolpa01,2016-17,36,SAS,NBA,64,25.4,.578,39,1627,303,604,247,500,56,104,130,184,107,394,501,150,24,70,81,110,792,.502,.494,.538,.548,.707
82,Willie Reed\reedwi02,2016-17,26,MIA,NBA,71,14.5,.578,5,1031,162,285,161,281,1,4,49,88,129,203,332,26,18,47,31,137,374,.568,.573,.250,.570,.557
83,Brook Lopez\lopezbr01,2016-17,28,BRK,NBA,75,29.6,.578,75,2222,555,1172,421,785,134,387,295,364,121,282,403,176,38,124,184,192,1539,.474,.536,.346,.531,.810
84,Patty Mills\millspa02,2016-17,28,SAS,NBA,80,21.9,.577,8,1754,273,622,126,266,147,356,66,80,24,118,142,280,65,3,101,109,759,.439,.474,.413,.557,.825
85,Goran Dragic\dragigo01,2016-17,30,MIA,NBA,73,33.7,.575,73,2459,534,1124,417,835,117,289,298,377,61,217,278,423,89,13,212,199,1483,.475,.499,.405,.527,.790
86,Ian Clark\clarkia01,2016-17,25,GSW,NBA,77,14.8,.575,0,1137,211,433,150,270,61,163,44,58,22,100,122,90,39,8,55,77,527,.487,.556,.374,.558,.759
87,Jeff Teague\teaguje01,2016-17,28,IND,NBA,82,32.4,.574,82,2657,402,909,312,657,90,252,360,415,33,298,331,639,100,32,216,165,1254,.442,.475,.357,.492,.867
88,Richard Jefferson\jefferi01,2016-17,36,CLE,NBA,79,20.4,.574,13,1614,153,343,91,157,62,186,80,108,28,174,202,78,26,10,52,153,448,.446,.580,.333,.536,.741
89,Mike Dunleavy\dunlemi02,2016-17,36,TOT,NBA,53,15.9,.573,2,841,93,220,40,86,53,134,36,45,18,97,115,50,15,7,28,67,275,.423,.465,.396,.543,.800
90,Kevin Love\loveke01,2016-17,28,CLE,NBA,60,31.4,.573,60,1885,370,867,225,478,145,389,257,295,148,518,666,116,53,22,122,125,1142,.427,.471,.373,.510,.871
91,Greg Monroe\monrogr01,2016-17,26,MIL,NBA,81,22.5,.572,0,1823,387,726,387,722,0,4,177,239,167,365,532,187,92,38,140,168,951,.533,.536,.000,.533,.741
92,David West\westda01,2016-17,36,GSW,NBA,68,12.6,.571,0,854,135,252,132,244,3,8,43,56,47,156,203,151,42,48,78,105,316,.536,.541,.375,.542,.768
93,Darren Collison\collida01,2016-17,29,SAC,NBA,68,30.3,.570,64,2063,340,714,267,539,73,175,147,171,23,130,153,312,67,9,114,119,900,.476,.495,.417,.527,.860
94,Aron Baynes\baynear01,2016-17,30,DET,NBA,75,15.5,.570,2,1163,143,279,143,279,0,0,79,94,111,222,333,32,17,39,50,166,365,.513,.513,,.513,.840
95,Maurice Harkless\harklma01,2016-17,23,POR,NBA,77,28.9,.570,69,2223,314,624,246,430,68,194,77,124,125,216,341,89,85,70,85,214,773,.503,.572,.351,.558,.621
96,Kemba Walker\walkeke02,2016-17,26,CHO,NBA,79,34.7,.569,79,2739,643,1449,403,847,240,602,304,359,45,263,308,435,85,22,168,119,1830,.444,.476,.399,.527,.847
97,Blake Griffin\griffbl01,2016-17,27,LAC,NBA,61,34.0,.569,61,2076,479,971,441,858,38,113,320,421,111,385,496,300,58,23,142,157,1316,.493,.514,.336,.513,.760
98,Tobias Harris\harrito02,2016-17,24,DET,NBA,82,31.3,.568,48,2567,511,1063,402,749,109,314,190,226,63,353,416,142,60,39,95,133,1321,.481,.537,.347,.532,.841
99,Tim Hardaway\hardati02,2016-17,24,ATL,NBA,79,27.3,.568,30,2154,415,912,266,495,149,417,164,214,35,189,224,182,55,15,106,103,1143,.455,.537,.357,.537,.766
100,Shaun Livingston\livinsh01,2016-17,31,GSW,NBA,76,17.7,.568,3,1345,173,316,172,313,1,3,42,60,28,123,151,139,38,20,61,120,389,.547,.550,.333,.549,.700
101,Larry Nance Jr.\nancela02,2016-17,24,LAL,NBA,63,22.9,.567,7,1442,190,361,180,325,10,36,59,80,120,249,369,96,82,40,56,149,449,.526,.554,.278,.540,.738
102,Shabazz Muhammad\muhamsh01,2016-17,24,MIN,NBA,78,19.4,.566,1,1516,288,598,239,452,49,146,147,190,84,136,220,35,22,6,56,86,772,.482,.529,.336,.523,.774
103,Marco Belinelli\belinma01,2016-17,30,CHO,NBA,74,24.0,.566,0,1778,264,615,162,332,102,283,150,168,14,164,178,147,44,9,70,90,780,.429,.488,.360,.512,.893
104,Serge Ibaka\ibakase01,2016-17,27,TOT,NBA,79,30.7,.566,79,2422,471,982,347,665,124,317,107,125,129,409,538,75,41,124,105,215,1173,.480,.522,.391,.543,.856
105,Wayne Ellington\ellinwa01,2016-17,29,MIA,NBA,62,24.2,.565,13,1500,231,555,82,161,149,394,37,43,18,115,133,70,35,4,30,70,648,.416,.509,.378,.550,.860
106,James Johnson\johnsja01,2016-17,29,MIA,NBA,76,27.4,.564,5,2085,368,769,281,513,87,256,152,215,66,309,375,276,76,86,171,197,975,.479,.548,.340,.535,.707
107,Willy Hernangomez\hernawi01,2016-17,22,NYK,NBA,72,18.4,.564,22,1324,246,465,242,450,4,15,91,125,170,332,502,96,41,36,100,150,587,.529,.538,.267,.533,.728
108,Glenn Robinson\robingl02,2016-17,23,IND,NBA,69,20.7,.564,27,1426,158,338,109,213,49,125,54,76,57,188,245,47,41,20,37,63,419,.467,.512,.392,.540,.711
109,Luke Babbitt\babbilu01,2016-17,27,MIA,NBA,68,15.7,.563,55,1065,113,281,26,71,87,210,11,15,13,129,142,36,21,11,25,118,324,.402,.366,.414,.557,.733
110,Jabari Parker\parkeja01,2016-17,21,MIL,NBA,51,33.9,.563,50,1728,399,814,334,636,65,178,162,218,79,235,314,142,51,22,92,111,1025,.490,.525,.365,.530,.743
111,Eric Bledsoe\bledser01,2016-17,27,PHO,NBA,66,33.0,.563,66,2176,449,1034,345,724,104,310,388,458,52,268,320,418,92,31,223,164,1390,.434,.477,.335,.485,.847
112,DeMarcus Cousins\couside01,2016-17,26,TOT,NBA,72,34.2,.562,72,2465,647,1433,516,1069,131,364,517,670,153,644,797,332,100,92,269,278,1942,.452,.483,.360,.497,.772
113,Spencer Hawes\hawessp01,2016-17,28,TOT,NBA,54,14.8,.562,1,797,134,277,109,196,25,81,44,52,38,153,191,81,15,30,49,77,337,.484,.556,.309,.529,.846
114,Thaddeus Young\youngth01,2016-17,28,IND,NBA,74,30.2,.562,74,2237,362,687,317,569,45,118,45,86,131,318,449,122,114,30,96,135,814,.527,.557,.381,.560,.523
115,Kosta Koufos\koufoko01,2016-17,27,SAC,NBA,71,20.0,.560,62,1419,216,392,216,391,0,1,38,62,118,285,403,47,36,48,61,172,470,.551,.552,.000,.551,.613
116,Tarik Black\blackta01,2016-17,25,LAL,NBA,67,16.3,.560,16,1091,150,294,149,292,1,2,82,109,143,199,342,39,30,44,58,173,383,.510,.510,.500,.512,.752
117,Alex Abrines\abrinal01,2016-17,23,OKC,NBA,68,15.5,.560,6,1055,134,341,40,94,94,247,44,49,18,68,86,40,37,8,33,114,406,.393,.426,.381,.531,.898
118,Courtney Lee\leeco01,2016-17,31,NYK,NBA,77,31.9,.559,74,2459,321,704,213,435,108,269,85,98,53,207,260,179,81,23,69,141,835,.456,.490,.401,.533,.867
119,Arron Afflalo\afflaar01,2016-17,31,SAC,NBA,61,25.9,.559,45,1580,185,420,123,269,62,151,83,93,9,116,125,78,21,7,42,104,515,.440,.457,.411,.514,.892
120,Willie Cauley-Stein\caulewi01,2016-17,23,SAC,NBA,75,18.9,.558,21,1421,255,481,255,479,0,2,101,151,85,255,340,80,53,45,69,147,611,.530,.532,.000,.530,.669
121,Joe Harris\harrijo01,2016-17,25,BRK,NBA,52,21.9,.558,11,1138,154,362,69,141,85,221,35,49,16,131,147,54,30,8,55,121,428,.425,.489,.385,.543,.714
122,Mason Plumlee\plumlma01,2016-17,26,TOT,NBA,81,26.5,.558,64,2148,334,623,334,617,0,6,174,300,170,436,606,284,69,92,135,226,842,.536,.541,.000,.536,.580
123,Eric Gordon\gordoer01,2016-17,28,HOU,NBA,75,31.0,.557,15,2323,412,1016,166,355,246,661,147,175,29,172,201,188,48,40,121,150,1217,.406,.468,.372,.527,.840
124,Jerami Grant\grantje01,2016-17,22,TOT,NBA,80,19.1,.556,4,1531,152,328,109,212,43,116,90,147,38,168,206,46,33,79,44,149,437,.463,.514,.371,.529,.612
125,Caris LeVert\leverca01,2016-17,22,BRK,NBA,57,21.7,.556,26,1237,171,380,112,196,59,184,67,93,23,165,188,110,49,8,59,91,468,.450,.571,.321,.528,.720
126,Gorgui Dieng\dienggo01,2016-17,27,MIN,NBA,82,32.4,.555,82,2653,332,661,316,618,16,43,136,167,188,459,647,158,88,95,107,254,816,.502,.511,.372,.514,.814
127,Malcolm Brogdon\brogdma01,2016-17,24,MIL,NBA,75,26.4,.555,28,1982,290,635,212,442,78,193,109,126,47,166,213,317,84,12,113,140,767,.457,.480,.404,.518,.865
128,Jerian Grant\grantje02,2016-17,24,CHI,NBA,63,16.3,.555,28,1028,128,301,79,167,49,134,65,73,17,94,111,120,47,8,44,93,370,.425,.473,.366,.507,.890
129,Evan Fournier\fournev01,2016-17,24,ORL,NBA,68,32.9,.555,66,2234,408,930,280,570,128,360,223,277,44,165,209,202,66,4,141,180,1167,.439,.491,.356,.508,.805
130,Trevor Booker\booketr01,2016-17,29,BRK,NBA,71,24.7,.554,43,1754,305,591,280,513,25,78,74,110,142,428,570,138,76,28,127,152,709,.516,.546,.321,.537,.673
131,Doug McDermott\mcderdo01,2016-17,25,TOT,NBA,66,22.8,.554,5,1508,222,497,145,290,77,207,71,84,20,159,179,58,13,5,38,79,592,.447,.500,.372,.524,.845
132,Marc Gasol\gasolma01,2016-17,32,MEM,NBA,74,34.2,.554,74,2531,532,1160,428,892,104,268,278,332,60,402,462,338,67,99,166,171,1446,.459,.480,.388,.503,.837
133,Russell Westbrook\westbru01,2016-17,28,OKC,NBA,81,34.6,.554,81,2802,824,1941,624,1358,200,583,710,840,137,727,864,840,133,31,438,190,2558,.425,.459,.343,.476,.845
134,Timofey Mozgov\mozgoti01,2016-17,30,LAL,NBA,54,20.4,.553,52,1104,169,328,169,327,0,1,63,78,104,160,264,43,16,31,72,133,401,.515,.517,.000,.515,.808
135,Al Horford\horfoal01,2016-17,30,BOS,NBA,68,32.3,.553,68,2193,379,801,293,559,86,242,108,135,95,369,464,337,52,87,116,138,952,.473,.524,.355,.527,.800
136,Alex Len\lenal01,2016-17,23,PHO,NBA,77,20.3,.553,34,1560,230,463,227,451,3,12,150,208,156,354,510,44,37,98,102,242,613,.497,.503,.250,.500,.721
137,Norman Powell\powelno01,2016-17,23,TOR,NBA,76,18.0,.552,18,1368,227,506,171,333,56,173,126,159,26,142,168,82,51,14,70,127,636,.449,.514,.324,.504,.792
138,DeMar DeRozan\derozde01,2016-17,27,TOR,NBA,74,35.4,.552,74,2620,721,1545,688,1421,33,124,545,647,70,316,386,290,78,13,180,134,2020,.467,.484,.266,.477,.842
139,Kyle O'Quinn\oquinky01,2016-17,26,NYK,NBA,79,15.6,.552,8,1229,215,413,213,396,2,17,64,83,157,282,439,117,36,104,76,174,496,.521,.538,.118,.523,.771
140,Ty Lawson\lawsoty01,2016-17,29,SAC,NBA,69,25.1,.551,24,1732,237,522,203,404,34,118,173,217,44,135,179,335,74,6,129,119,681,.454,.502,.288,.487,.797
141,Marvin Williams\willima02,2016-17,30,CHO,NBA,76,30.2,.551,76,2295,297,704,173,350,124,354,131,150,89,409,498,106,58,53,60,134,849,.422,.494,.350,.510,.873
142,Jon Leuer\leuerjo01,2016-17,27,DET,NBA,75,25.9,.551,34,1944,310,646,261,479,49,167,98,113,102,300,402,111,31,26,66,145,767,.480,.545,.293,.518,.867
143,John Henson\hensojo01,2016-17,26,MIL,NBA,58,19.4,.550,39,1123,159,309,159,308,0,1,74,107,92,203,295,57,29,78,53,151,392,.515,.516,.000,.515,.692
144,Jeremy Lamb\lambje01,2016-17,24,CHO,NBA,62,18.4,.550,5,1143,226,491,185,345,41,146,110,129,30,234,264,75,27,23,40,98,603,.460,.536,.281,.502,.853
145,Terrence Ross\rosste01,2016-17,25,TOT,NBA,78,25.1,.550,24,1955,326,746,184,355,142,391,64,77,18,189,207,88,88,33,68,143,858,.437,.518,.363,.532,.831
146,Justin Hamilton\hamilju01,2016-17,26,BRK,NBA,64,18.4,.550,7,1177,174,379,119,198,55,181,39,52,71,191,262,55,29,43,43,91,442,.459,.601,.304,.532,.750
147,Devin Harris\harride01,2016-17,33,DAL,NBA,65,16.7,.549,0,1087,136,341,78,164,58,177,107,129,11,116,127,136,43,7,57,101,437,.399,.476,.328,.484,.829
148,Sam Dekker\dekkesa01,2016-17,22,HOU,NBA,77,18.4,.549,2,1419,203,429,143,242,60,187,38,68,94,190,284,76,38,21,41,83,504,.473,.591,.321,.543,.559
149,Justin Holiday\holidju01,2016-17,27,NYK,NBA,82,20.0,.549,4,1639,233,538,136,265,97,273,66,80,27,198,225,102,65,31,66,109,629,.433,.513,.355,.523,.825
150,Trevor Ariza\arizatr01,2016-17,31,HOU,NBA,80,34.7,.548,80,2773,326,798,135,243,191,555,93,126,54,405,459,175,147,20,74,133,936,.409,.556,.344,.528,.738
151,Avery Bradley\bradlav01,2016-17,26,BOS,NBA,55,33.4,.548,55,1835,359,775,251,498,108,277,68,93,65,269,334,121,68,11,88,141,894,.463,.504,.390,.533,.731
152,Will Barton\bartowi01,2016-17,26,DEN,NBA,60,28.4,.547,19,1705,295,666,208,431,87,235,143,190,58,200,258,206,48,28,97,110,820,.443,.483,.370,.508,.753
153,Bismack Biyombo\biyombi01,2016-17,24,ORL,NBA,81,22.1,.546,27,1793,179,339,179,339,0,0,125,234,157,410,567,74,25,91,95,202,483,.528,.528,,.528,.534
154,Patrick Beverley\beverpa01,2016-17,28,HOU,NBA,67,30.7,.546,67,2058,228,543,118,255,110,288,73,95,95,299,394,281,99,25,100,222,639,.420,.463,.382,.521,.768
155,Sean Kilpatrick\kilpase01,2016-17,27,BRK,NBA,70,25.1,.546,24,1754,305,735,200,427,105,308,204,242,22,258,280,157,46,6,136,118,919,.415,.468,.341,.486,.843
156,Nikola Mirotic\mirotni01,2016-17,25,CHI,NBA,70,24.0,.546,15,1679,258,625,129,248,129,377,99,128,61,323,384,75,53,56,79,128,744,.413,.520,.342,.516,.773
157,Ersan Ilyasova\ilyaser01,2016-17,29,TOT,NBA,82,26.1,.546,52,2142,384,890,242,488,142,402,161,207,115,366,481,141,58,23,116,211,1071,.431,.496,.353,.511,.778
158,Jahlil Okafor\okafoja01,2016-17,21,PHI,NBA,50,22.7,.546,33,1134,242,471,242,471,0,0,106,158,81,159,240,58,20,49,91,122,590,.514,.514,,.514,.671
159,Kristaps Porzingis\porzikr01,2016-17,21,NYK,NBA,66,32.8,.546,65,2164,443,985,331,671,112,314,198,252,111,364,475,97,47,130,118,244,1196,.450,.493,.357,.507,.786
160,Austin Rivers\riverau01,2016-17,24,LAC,NBA,74,27.8,.545,29,2054,323,731,212,432,111,299,132,191,20,141,161,204,48,10,115,187,889,.442,.491,.371,.518,.691
161,Wilson Chandler\chandwi01,2016-17,29,DEN,NBA,71,30.9,.545,33,2197,433,939,323,613,110,326,141,194,103,356,459,141,52,30,114,172,1117,.461,.527,.337,.520,.727
162,Bobby Portis\portibo01,2016-17,21,CHI,NBA,64,15.6,.545,13,1000,183,375,151,279,32,96,39,59,75,221,296,35,16,11,37,94,437,.488,.541,.333,.531,.661
163,Garrett Temple\templga01,2016-17,30,SAC,NBA,65,26.6,.545,21,1728,183,432,101,212,82,220,58,74,32,151,183,169,84,28,78,141,506,.424,.476,.373,.519,.784
164,Jameer Nelson\nelsoja01,2016-17,34,DEN,NBA,75,27.3,.544,39,2045,268,604,162,331,106,273,45,63,28,164,192,385,53,8,129,197,687,.444,.489,.388,.531,.714
165,Julius Randle\randlju01,2016-17,22,LAL,NBA,74,28.8,.543,73,2132,377,773,360,710,17,63,204,282,151,485,636,264,49,37,173,248,975,.488,.507,.270,.499,.723
166,Taj Gibson\gibsota01,2016-17,31,TOT,NBA,78,25.5,.543,71,1989,365,709,362,696,3,13,113,158,158,328,486,73,42,66,105,163,846,.515,.520,.231,.517,.715
167,Patrick Patterson\pattepa01,2016-17,27,TOR,NBA,65,24.6,.542,8,1599,154,384,60,131,94,253,43,60,62,229,291,76,40,23,38,120,445,.401,.458,.372,.523,.717
168,Vince Carter\cartevi01,2016-17,40,MEM,NBA,73,24.6,.542,15,1799,193,490,81,194,112,296,88,115,36,191,227,133,60,36,50,163,586,.394,.418,.378,.508,.765
169,Joe Johnson\johnsjo02,2016-17,35,UTA,NBA,78,23.6,.542,14,1843,273,626,167,368,106,258,63,77,33,209,242,144,36,18,69,93,715,.436,.454,.411,.521,.818
170,Paul Millsap\millspa01,2016-17,31,ATL,NBA,69,34.0,.542,67,2343,430,972,355,731,75,241,311,405,111,422,533,252,90,62,158,186,1246,.442,.486,.311,.481,.768
171,John Wall\walljo01,2016-17,26,WAS,NBA,78,36.4,.541,78,2836,647,1435,558,1163,89,272,422,527,58,268,326,831,157,49,323,151,1805,.451,.480,.327,.482,.801
172,Deron Williams\willide01,2016-17,32,TOT,NBA,64,25.9,.541,44,1657,263,600,178,366,85,234,90,109,14,133,147,360,31,8,138,138,701,.438,.486,.363,.509,.826
173,Harrison Barnes\barneha02,2016-17,24,DAL,NBA,79,35.5,.541,79,2803,599,1280,521,1058,78,222,242,281,94,303,397,117,66,15,102,128,1518,.468,.492,.351,.498,.861
174,Markieff Morris\morrima02,2016-17,27,WAS,NBA,76,31.2,.540,76,2374,406,889,335,693,71,196,180,215,107,385,492,126,82,42,129,254,1063,.457,.483,.362,.497,.837
175,Buddy Hield\hieldbu01,2016-17,23,TOT,NBA,82,23.0,.540,55,1888,327,768,179,389,148,379,64,76,35,234,269,121,38,9,101,115,866,.426,.460,.391,.522,.842
176,Nik Stauskas\stausni01,2016-17,23,PHI,NBA,80,27.4,.540,27,2188,251,634,119,275,132,359,122,150,21,205,226,188,45,32,128,144,756,.396,.433,.368,.500,.813
177,Patrick McCaw\mccawpa01,2016-17,21,GSW,NBA,71,15.1,.540,20,1074,106,245,65,122,41,123,29,37,22,79,101,77,32,15,36,62,282,.433,.533,.333,.516,.784
178,T.J. Warren\warretj01,2016-17,23,PHO,NBA,66,31.0,.539,59,2048,403,814,377,716,26,98,119,154,125,214,339,75,76,39,57,175,951,.495,.527,.265,.511,.773
179,Jaylen Brown\brownja02,2016-17,20,BOS,NBA,78,17.2,.539,20,1341,192,423,146,288,46,135,85,124,45,175,220,64,35,18,68,142,515,.454,.507,.341,.508,.685
180,Ricky Rubio\rubiori01,2016-17,26,MIN,NBA,75,32.9,.539,75,2469,261,650,201,454,60,196,254,285,68,237,305,682,128,10,195,202,836,.402,.443,.306,.448,.891
181,Ben McLemore\mclembe01,2016-17,23,SAC,NBA,61,19.3,.538,26,1176,180,419,115,249,65,170,70,93,19,111,130,51,29,6,62,108,495,.430,.462,.382,.507,.753
182,Jonas Jerebko\jerebjo01,2016-17,29,BOS,NBA,78,15.8,.537,6,1232,114,262,69,132,45,130,26,37,60,213,273,71,26,17,39,122,299,.435,.523,.346,.521,.703
183,E'Twaun Moore\mooreet01,2016-17,27,NOP,NBA,73,24.9,.537,22,1820,283,619,206,411,77,208,57,74,33,119,152,164,50,32,62,131,700,.457,.501,.370,.519,.770
184,Derrick Williams\willide02,2016-17,25,TOT,NBA,50,16.1,.537,11,804,108,244,78,147,30,97,58,89,19,111,130,28,14,7,28,60,304,.443,.531,.309,.504,.652
185,Danny Green\greenda02,2016-17,29,SAS,NBA,68,26.6,.537,68,1807,176,449,58,138,118,311,27,32,31,193,224,124,71,58,76,120,497,.392,.420,.379,.523,.844
186,Justin Anderson\anderju01,2016-17,23,TOT,NBA,75,16.4,.537,10,1228,186,439,128,245,58,194,102,129,69,176,245,66,41,23,66,109,532,.424,.522,.299,.490,.791
187,Iman Shumpert\shumpim01,2016-17,26,CLE,NBA,76,25.5,.536,31,1937,201,489,107,228,94,261,71,90,39,180,219,109,62,27,78,150,567,.411,.469,.360,.507,.789
188,Timothe Luwawu-Cabarrot\luwawti01,2016-17,21,PHI,NBA,69,17.2,.536,19,1190,145,361,95,200,50,161,105,123,25,124,149,75,32,10,73,154,445,.402,.475,.311,.471,.854
189,Tyler Johnson\johnsty01,2016-17,24,MIA,NBA,73,29.8,.535,0,2178,357,824,264,574,93,250,195,254,50,243,293,233,84,44,90,176,1002,.433,.460,.372,.490,.768
190,Carmelo Anthony\anthoca01,2016-17,32,NYK,NBA,74,34.3,.535,74,2538,602,1389,451,968,151,421,304,365,62,374,436,213,60,34,153,198,1659,.433,.466,.359,.488,.833
191,Andrew Wiggins\wiggian01,2016-17,21,MIN,NBA,82,37.2,.534,82,3048,709,1570,606,1281,103,289,412,542,103,226,329,189,82,30,187,183,1933,.452,.473,.356,.484,.760
192,Robert Covington\covinro01,2016-17,26,PHI,NBA,67,31.6,.534,67,2119,292,732,155,320,137,412,143,174,92,344,436,102,127,69,131,203,864,.399,.484,.333,.492,.822
193,Victor Oladipo\oladivi01,2016-17,24,OKC,NBA,67,33.2,.534,67,2222,412,932,285,580,127,352,116,154,39,252,291,176,78,21,119,155,1067,.442,.491,.361,.510,.753
194,Mindaugas Kuzminskas\kuzmimi01,2016-17,27,NYK,NBA,68,14.9,.533,5,1016,158,369,104,201,54,168,55,68,47,79,126,69,29,11,51,79,425,.428,.517,.321,.501,.809
195,Dennis Schroder\schrode01,2016-17,23,ATL,NBA,79,31.5,.533,78,2485,548,1215,448,921,100,294,218,255,42,206,248,499,74,16,258,149,1414,.451,.486,.340,.492,.855
196,Wesley Matthews\matthwe02,2016-17,30,DAL,NBA,73,34.2,.533,73,2495,333,847,159,368,174,479,146,179,18,241,259,210,77,16,102,161,986,.393,.432,.363,.496,.816
197,Trey Burke\burketr01,2016-17,24,WAS,NBA,57,12.3,.532,0,703,116,255,85,185,31,70,22,29,7,40,47,100,11,5,48,54,285,.455,.459,.443,.516,.759
198,LaMarcus Aldridge\aldrila01,2016-17,31,SAS,NBA,72,32.4,.532,72,2335,500,1049,477,993,23,56,220,271,174,350,524,139,46,89,98,158,1243,.477,.480,.411,.488,.812
199,Manu Ginobili\ginobma01,2016-17,39,SAS,NBA,69,18.7,.532,0,1291,171,439,82,212,89,227,86,107,28,129,157,183,82,16,96,119,517,.390,.387,.392,.491,.804
200,Jrue Holiday\holidjr01,2016-17,26,NOP,NBA,67,32.7,.532,61,2190,405,894,305,613,100,281,119,168,46,218,264,488,100,43,194,133,1029,.453,.498,.356,.509,.708
201,DeMarre Carroll\carrode01,2016-17,30,TOR,NBA,72,26.1,.531,72,1882,220,549,111,229,109,320,89,117,63,212,275,74,81,27,54,143,638,.401,.485,.341,.500,.761
202,Devin Booker\bookede01,2016-17,20,PHO,NBA,78,35.0,.531,78,2730,606,1431,459,1026,147,405,367,441,46,203,249,268,72,21,241,242,1726,.423,.447,.363,.475,.832
203,Troy Daniels\danietr01,2016-17,25,MEM,NBA,67,17.7,.531,3,1183,185,495,47,140,138,355,43,54,21,79,100,46,21,4,45,90,551,.374,.336,.389,.513,.796
204,Aaron Gordon\gordoaa01,2016-17,21,ORL,NBA,80,28.7,.530,72,2298,393,865,316,598,77,267,156,217,116,289,405,150,64,40,89,172,1019,.454,.528,.288,.499,.719
205,Derrick Rose\rosede01,2016-17,28,NYK,NBA,64,32.5,.530,64,2082,460,977,447,917,13,60,221,253,66,180,246,283,44,17,147,84,1154,.471,.487,.217,.477,.874
206,Nicolas Batum\batumni01,2016-17,28,CHO,NBA,77,34.0,.529,77,2617,393,975,258,570,135,405,243,284,46,435,481,455,86,29,194,109,1164,.403,.453,.333,.472,.856
207,Marquese Chriss\chrisma01,2016-17,19,PHO,NBA,82,21.3,.529,75,1743,284,632,212,408,72,224,113,181,96,252,348,60,67,70,108,263,753,.449,.520,.321,.506,.624
208,Gerald Henderson\hendege02,2016-17,29,PHI,NBA,72,23.2,.529,41,1667,234,553,173,380,61,173,133,165,34,151,185,112,41,15,62,129,662,.423,.455,.353,.478,.806
209,Dirk Nowitzki\nowitdi01,2016-17,38,DAL,NBA,54,26.4,.529,54,1424,296,678,217,469,79,209,98,112,23,330,353,82,30,38,51,113,769,.437,.463,.378,.495,.875
210,Jusuf Nurkic\nurkiju01,2016-17,22,TOT,NBA,65,21.4,.528,48,1391,271,534,271,533,0,1,120,210,154,313,467,123,50,74,143,161,662,.507,.508,.000,.507,.571
211,Michael Kidd-Gilchrist\kiddgmi01,2016-17,23,CHO,NBA,81,29.0,.528,81,2349,295,618,294,609,1,9,152,194,156,409,565,114,81,77,56,187,743,.477,.483,.111,.478,.784
212,Solomon Hill\hillso01,2016-17,25,NOP,NBA,80,29.7,.528,71,2374,183,477,89,207,94,270,103,128,51,256,307,141,71,32,82,182,563,.384,.430,.348,.482,.805
213,Nemanja Bjelica\bjeline01,2016-17,28,MIN,NBA,65,18.3,.526,1,1190,151,356,95,179,56,177,45,61,57,187,244,79,40,20,59,154,403,.424,.531,.316,.503,.738
214,Jordan Clarkson\clarkjo01,2016-17,24,LAL,NBA,82,29.2,.526,19,2397,477,1071,360,715,117,356,134,168,49,197,246,213,88,8,164,150,1205,.445,.503,.329,.500,.798
215,Al Jefferson\jeffeal01,2016-17,32,IND,NBA,66,14.1,.526,1,931,235,471,235,470,0,1,65,85,75,203,278,57,19,16,33,125,535,.499,.500,.000,.499,.765
216,Jamal Crawford\crawfja01,2016-17,36,LAC,NBA,82,26.3,.526,1,2157,359,869,243,547,116,322,174,203,17,112,129,213,59,14,134,115,1008,.413,.444,.360,.480,.857
217,Kyle Anderson\anderky01,2016-17,23,SAS,NBA,72,14.2,.525,14,1020,93,209,78,169,15,40,45,57,33,175,208,91,51,26,39,63,246,.445,.462,.375,.481,.789
218,Noah Vonleh\vonleno01,2016-17,21,POR,NBA,74,17.1,.525,41,1265,130,270,123,250,7,20,60,94,131,256,387,31,30,27,64,154,327,.481,.492,.350,.494,.638
219,D.J. Augustin\augusdj01,2016-17,29,ORL,NBA,78,19.7,.524,20,1538,195,517,100,243,95,274,131,161,15,102,117,209,31,1,90,101,616,.377,.412,.347,.469,.814
220,Tyus Jones\jonesty01,2016-17,20,MIN,NBA,60,12.9,.523,0,774,75,181,49,108,26,73,33,43,10,57,67,156,47,5,38,50,209,.414,.454,.356,.486,.767
221,Pascal Siakam\siakapa01,2016-17,22,TOR,NBA,55,15.6,.523,38,859,103,205,102,198,1,7,22,32,64,121,185,17,26,45,33,109,229,.502,.515,.143,.505,.688
222,Rodney Hood\hoodro01,2016-17,24,UTA,NBA,59,27.0,.522,55,1593,272,666,158,359,114,307,90,115,16,186,202,96,38,11,65,132,748,.408,.440,.371,.494,.783
223,Draymond Green\greendr01,2016-17,26,GSW,NBA,76,32.5,.522,76,2471,272,650,191,387,81,263,151,213,98,501,599,533,154,106,184,217,776,.418,.494,.308,.481,.709
224,Dante Exum\exumda01,2016-17,21,UTA,NBA,66,18.6,.521,26,1228,155,363,111,214,44,149,58,73,30,102,132,112,21,12,80,146,412,.427,.519,.295,.488,.795
225,Tyler Ennis\ennisty01,2016-17,22,TOT,NBA,53,11.1,.521,2,588,90,208,63,138,27,70,21,25,10,36,46,86,26,2,45,58,228,.433,.457,.386,.498,.840
226,Elfrid Payton\paytoel01,2016-17,22,ORL,NBA,82,29.4,.520,58,2412,430,912,390,766,40,146,146,211,89,298,387,529,88,40,178,177,1046,.471,.509,.274,.493,.692
227,Thabo Sefolosha\sefolth01,2016-17,32,ATL,NBA,62,25.7,.519,42,1596,174,395,133,275,41,120,55,75,54,216,270,107,96,31,58,97,444,.441,.484,.342,.492,.733
228,Kentavious Caldwell-Pope\caldwke01,2016-17,23,DET,NBA,76,33.3,.519,75,2529,370,928,217,491,153,437,154,185,55,193,248,193,89,12,86,118,1047,.399,.442,.350,.481,.832
229,Shelvin Mack\macksh01,2016-17,26,UTA,NBA,55,21.9,.518,9,1205,170,381,133,261,37,120,53,77,20,108,128,154,42,3,90,100,430,.446,.510,.308,.495,.688
230,Jamal Murray\murraja01,2016-17,19,DEN,NBA,82,21.5,.518,10,1764,295,730,180,386,115,344,106,120,41,173,214,170,52,24,113,124,811,.404,.466,.334,.483,.883
231,D'Angelo Russell\russeda01,2016-17,20,LAL,NBA,63,28.7,.518,60,1811,351,867,216,483,135,384,147,188,31,191,222,303,87,16,176,130,984,.405,.447,.352,.483,.782
232,Andre Drummond\drumman01,2016-17,23,DET,NBA,81,29.7,.518,81,2409,483,911,481,904,2,7,137,355,345,771,1116,89,124,89,152,237,1105,.530,.532,.286,.531,.386
233,Cory Joseph\josepco01,2016-17,25,TOR,NBA,80,25.0,.518,22,2003,299,661,251,526,48,135,94,122,51,184,235,265,66,13,108,140,740,.452,.477,.356,.489,.770
234,Rondae Hollis-Jefferson\holliro01,2016-17,22,BRK,NBA,78,22.6,.517,50,1761,235,542,220,475,15,67,190,253,96,356,452,154,82,44,116,177,675,.434,.463,.224,.447,.751
235,P.J. Tucker\tuckepj01,2016-17,31,TOT,NBA,81,27.6,.516,21,2236,199,482,129,286,70,196,72,93,117,355,472,99,116,19,66,196,540,.413,.451,.357,.485,.774
236,Terrence Jones\joneste01,2016-17,25,TOT,NBA,54,23.5,.516,12,1270,231,491,212,416,19,75,103,170,65,241,306,58,40,54,48,67,584,.470,.510,.253,.490,.606
237,Kelly Oubre\oubreke01,2016-17,21,WAS,NBA,79,20.3,.516,5,1605,186,442,132,254,54,188,75,99,61,199,260,47,58,17,49,195,501,.421,.520,.287,.482,.758
238,Mirza Teletovic\teletmi01,2016-17,31,MIL,NBA,70,16.2,.515,2,1133,156,418,52,113,104,305,35,45,11,151,162,48,12,13,37,109,451,.373,.460,.341,.498,.778
239,Matt Barnes\barnema02,2016-17,36,TOT,NBA,74,24.0,.514,18,1777,185,473,98,210,87,263,70,89,70,317,387,194,48,26,107,185,527,.391,.467,.331,.483,.787
240,Tony Parker\parketo01,2016-17,34,SAS,NBA,63,25.2,.514,63,1587,265,569,242,500,23,69,85,117,9,104,113,285,33,2,89,92,638,.466,.484,.333,.486,.726
241,Kris Humphries\humphkr01,2016-17,31,ATL,NBA,56,12.3,.514,4,689,87,214,68,160,19,54,64,82,60,146,206,29,15,21,28,69,257,.407,.425,.352,.451,.780
242,Monta Ellis\ellismo01,2016-17,31,IND,NBA,74,27.0,.514,33,1998,247,557,204,422,43,135,93,128,19,185,204,236,79,27,135,149,630,.443,.483,.319,.482,.727
243,Taurean Waller-Prince\princta02,2016-17,22,ATL,NBA,59,16.6,.513,10,981,114,285,81,183,33,102,74,94,25,132,157,55,43,27,61,96,335,.400,.443,.324,.458,.787
244,Derrick Favors\favorde01,2016-17,25,UTA,NBA,50,23.7,.512,39,1186,203,417,200,407,3,10,67,109,92,213,305,56,45,40,60,103,476,.487,.491,.300,.490,.615
245,Robin Lopez\lopezro01,2016-17,28,CHI,NBA,81,28.0,.511,81,2271,382,775,382,773,0,2,75,104,243,276,519,80,18,117,90,151,839,.493,.494,.000,.493,.721
246,Langston Galloway\gallola01,2016-17,25,TOT,NBA,74,20.2,.510,2,1495,207,545,87,237,120,308,51,64,27,129,156,93,46,6,46,96,585,.380,.367,.390,.490,.797
247,Reggie Jackson\jacksre01,2016-17,26,DET,NBA,52,27.4,.510,50,1424,284,677,218,493,66,184,118,136,21,92,113,270,35,5,114,129,752,.419,.442,.359,.468,.868
248,Andre Roberson\roberan03,2016-17,25,OKC,NBA,79,30.1,.510,79,2376,215,463,170,279,45,184,47,111,98,304,402,79,94,79,51,204,522,.464,.609,.245,.513,.423
249,Joffrey Lauvergne\lauvejo01,2016-17,25,TOT,NBA,70,14.0,.509,1,980,148,336,115,238,33,98,46,73,72,179,251,70,25,6,56,83,375,.440,.483,.337,.490,.630
250,Leandro Barbosa\barbole01,2016-17,34,PHO,NBA,67,14.4,.509,0,963,172,392,137,294,35,98,40,45,15,89,104,81,31,8,48,82,419,.439,.466,.357,.483,.889
251,Tyler Zeller\zellety01,2016-17,27,BOS,NBA,51,10.3,.508,5,525,78,158,78,157,0,1,22,39,43,81,124,42,7,21,20,61,178,.494,.497,.000,.494,.564
252,Dwyane Wade\wadedw01,2016-17,35,CHI,NBA,60,29.9,.508,59,1792,414,955,369,810,45,145,223,281,64,207,271,229,86,41,138,112,1096,.434,.456,.310,.457,.794
253,Dario Saric\saricda01,2016-17,22,PHI,NBA,81,26.3,.508,36,2129,381,927,275,586,106,341,172,220,112,401,513,182,57,30,183,162,1040,.411,.469,.311,.468,.782
254,Marcus Morris\morrima03,2016-17,27,DET,NBA,79,32.5,.508,79,2565,421,1007,303,650,118,357,145,185,77,289,366,160,52,25,87,168,1105,.418,.466,.331,.477,.784
255,C.J. Watson\watsocj01,2016-17,32,ORL,NBA,62,16.3,.507,9,1012,96,248,64,143,32,105,57,66,16,73,89,114,43,2,47,84,281,.387,.448,.305,.452,.864
256,Aaron Brooks\brookaa01,2016-17,32,IND,NBA,65,13.8,.507,0,894,121,300,73,172,48,128,32,40,18,51,69,125,25,9,66,93,322,.403,.424,.375,.483,.800
257,Meyers Leonard\leoname01,2016-17,24,POR,NBA,74,16.5,.507,12,1222,146,378,72,165,74,213,35,40,27,209,236,71,13,28,35,172,401,.386,.436,.347,.484,.875
258,Randy Foye\foyera01,2016-17,33,BRK,NBA,69,18.6,.506,40,1284,118,325,51,122,67,203,54,63,9,146,155,135,35,9,80,99,357,.363,.418,.330,.466,.857
259,Al-Farouq Aminu\aminual01,2016-17,26,POR,NBA,61,29.1,.506,25,1773,183,466,113,254,70,212,96,136,77,374,451,99,60,44,94,102,532,.393,.445,.330,.468,.706
260,Rodney McGruder\mcgruro01,2016-17,25,MIA,NBA,78,25.2,.506,65,1966,190,460,117,240,73,220,44,71,95,162,257,124,45,18,56,140,497,.413,.488,.332,.492,.620
261,Jeff Green\greenje02,2016-17,30,ORL,NBA,69,22.2,.505,11,1534,220,558,167,365,53,193,145,168,39,175,214,81,37,13,75,103,638,.394,.458,.275,.442,.863
262,Jonathon Simmons\simmojo02,2016-17,27,SAS,NBA,78,17.8,.504,8,1392,177,421,147,319,30,102,99,132,20,140,160,126,47,25,76,146,483,.420,.461,.294,.456,.750
263,T.J. McConnell\mccontj01,2016-17,24,PHI,NBA,81,26.3,.504,51,2133,236,512,225,457,11,55,73,90,39,212,251,534,134,10,159,139,556,.461,.492,.200,.472,.811
264,Kent Bazemore\bazemke01,2016-17,27,ATL,NBA,73,26.9,.504,64,1963,295,721,203,455,92,266,119,168,45,186,231,177,91,52,125,165,801,.409,.446,.346,.473,.708
265,Tim Frazier\fraziti01,2016-17,26,NOP,NBA,65,23.5,.504,35,1525,163,404,123,276,40,128,98,129,34,139,173,335,56,6,101,133,464,.403,.446,.313,.453,.760
266,Frank Kaminsky\kaminfr01,2016-17,23,CHO,NBA,75,26.1,.502,16,1954,320,802,204,448,116,354,118,156,57,279,336,162,47,34,76,139,874,.399,.455,.328,.471,.756
267,Brandon Knight\knighbr03,2016-17,25,PHO,NBA,54,21.1,.502,5,1140,209,525,164,386,45,139,132,154,25,93,118,130,27,5,89,87,595,.398,.425,.324,.441,.857
268,Matthew Dellavedova\dellama01,2016-17,26,MIL,NBA,76,26.1,.501,54,1986,208,534,129,319,79,215,82,96,24,123,147,357,53,0,133,153,577,.390,.404,.367,.463,.854
269,Nikola Vucevic\vucevni01,2016-17,26,ORL,NBA,75,28.8,.498,55,2163,483,1031,460,956,23,75,107,160,176,603,779,208,77,74,117,180,1096,.468,.481,.307,.480,.669
270,Raymond Felton\feltora01,2016-17,32,LAC,NBA,80,21.3,.496,11,1700,221,514,175,370,46,144,50,64,33,184,217,191,67,22,83,125,538,.430,.473,.319,.475,.781
271,Ramon Sessions\sessira01,2016-17,30,CHO,NBA,50,16.2,.495,1,811,100,263,79,201,21,62,91,118,11,62,73,129,26,3,46,43,312,.380,.393,.339,.420,.771
272,Boris Diaw\diawbo01,2016-17,34,UTA,NBA,73,17.6,.494,33,1283,146,327,126,246,20,81,26,35,46,112,158,170,18,9,87,83,338,.446,.512,.247,.477,.743
273,Tony Allen\allento01,2016-17,35,MEM,NBA,71,27.0,.493,66,1914,274,595,259,541,15,54,80,130,166,225,391,98,115,29,100,178,643,.461,.479,.278,.473,.615
274,Josh Richardson\richajo01,2016-17,23,MIA,NBA,53,30.5,.493,34,1614,202,513,127,286,75,227,60,77,35,133,168,140,60,39,65,132,539,.394,.444,.330,.467,.779
275,Denzel Valentine\valende01,2016-17,23,CHI,NBA,57,17.1,.492,0,976,102,288,29,80,73,208,14,18,11,140,151,63,30,7,49,86,291,.354,.363,.351,.481,.778
276,Corey Brewer\breweco01,2016-17,30,TOT,NBA,82,15.6,.491,11,1281,147,348,120,230,27,118,50,68,32,134,166,97,61,19,55,133,371,.422,.522,.229,.461,.735
277,Evan Turner\turneev01,2016-17,28,POR,NBA,65,25.5,.491,12,1658,235,552,204,434,31,118,85,103,36,211,247,205,53,24,100,121,586,.426,.470,.263,.454,.825
278,Zach Randolph\randoza01,2016-17,35,MEM,NBA,73,24.5,.490,5,1786,433,964,412,870,21,94,141,193,182,416,598,122,38,10,99,136,1028,.449,.474,.223,.460,.731
279,Isaiah Whitehead\whiteis01,2016-17,21,BRK,NBA,73,22.5,.487,26,1643,204,508,160,359,44,149,91,113,32,152,184,192,42,36,142,175,543,.402,.446,.295,.445,.805
280,Dorian Finney-Smith\finnedo01,2016-17,23,DAL,NBA,81,20.3,.486,35,1642,124,333,68,142,56,191,46,61,55,166,221,67,52,25,45,125,350,.372,.479,.293,.456,.754
281,Marcus Smart\smartma01,2016-17,22,BOS,NBA,79,30.4,.486,24,2399,269,749,175,417,94,332,203,250,78,228,306,364,125,34,159,192,835,.359,.420,.283,.422,.812
282,Lavoy Allen\allenla01,2016-17,27,IND,NBA,61,14.3,.485,5,871,77,168,77,167,0,1,23,33,105,115,220,57,18,24,29,78,177,.458,.461,.000,.458,.697
283,Sergio Rodriguez\rodrise01,2016-17,30,PHI,NBA,68,22.3,.484,30,1518,210,536,118,284,92,252,18,27,21,136,157,344,48,4,128,95,530,.392,.415,.365,.478,.667
284,Emmanuel Mudiay\mudiaem01,2016-17,20,DEN,NBA,55,25.6,.483,41,1406,208,551,152,373,56,178,131,167,29,149,178,217,41,13,123,95,603,.377,.408,.315,.428,.784
285,Tomas Satoransky\satorto01,2016-17,25,WAS,NBA,57,12.6,.480,3,719,61,146,52,109,9,37,23,33,25,58,83,92,26,6,38,60,154,.418,.477,.243,.449,.697
286,Brandon Jennings\jennibr01,2016-17,27,TOT,NBA,81,22.2,.479,13,1802,192,535,113,283,79,252,114,152,29,167,196,395,70,5,128,116,577,.359,.399,.313,.433,.750
287,Ish Smith\smithis01,2016-17,28,DET,NBA,81,24.1,.477,32,1955,329,749,301,644,28,105,72,102,21,214,235,418,61,33,112,127,758,.439,.467,.267,.458,.706
288,Andrew Harrison\harrian01,2016-17,22,MEM,NBA,72,20.5,.477,18,1474,117,360,74,204,43,156,148,194,23,113,136,198,54,20,85,194,425,.325,.363,.276,.385,.763
289,DeAndre Liggins\liggide01,2016-17,28,TOT,NBA,62,12.5,.476,19,777,55,142,38,96,17,46,25,40,20,88,108,54,47,14,42,81,152,.387,.396,.370,.447,.625
290,Brandon Ingram\ingrabr01,2016-17,19,LAL,NBA,79,28.8,.474,40,2279,276,686,221,499,55,187,133,214,60,257,317,166,50,36,116,158,740,.402,.443,.294,.442,.621
291,Tyler Ulis\ulisty01,2016-17,21,PHO,NBA,61,18.4,.474,15,1123,184,437,163,358,21,79,55,71,20,75,95,226,48,5,77,73,444,.421,.455,.266,.445,.775
292,Luol Deng\denglu01,2016-17,31,LAL,NBA,56,26.5,.470,49,1486,164,424,113,259,51,165,46,63,63,232,295,74,48,20,43,61,425,.387,.436,.309,.447,.730
293,Domantas Sabonis\sabondo01,2016-17,20,OKC,NBA,81,20.1,.469,66,1632,192,481,141,322,51,159,44,67,45,242,287,82,39,32,83,200,479,.399,.438,.321,.452,.657
294,Terry Rozier\roziete01,2016-17,22,BOS,NBA,74,17.1,.466,0,1263,151,411,94,232,57,179,51,66,40,187,227,131,45,11,47,69,410,.367,.405,.318,.437,.773
295,Trey Lyles\lylestr01,2016-17,21,UTA,NBA,71,16.3,.464,4,1158,159,439,94,235,65,204,57,79,48,187,235,70,26,20,64,97,440,.362,.400,.319,.436,.722
296,Rajon Rondo\rondora01,2016-17,30,CHI,NBA,69,26.7,.461,42,1843,229,561,179,428,50,133,30,50,73,282,355,461,99,11,168,144,538,.408,.418,.376,.453,.600
297,Malcolm Delaney\delanma01,2016-17,27,ATL,NBA,73,17.1,.456,2,1248,145,388,119,278,26,110,75,93,11,113,124,193,39,1,95,112,391,.374,.428,.236,.407,.806
298,Ron Baker\bakerro01,2016-17,23,NYK,NBA,52,16.5,.456,13,857,82,217,59,131,23,86,28,43,12,86,98,107,34,8,56,74,215,.378,.450,.267,.431,.651
299,Mario Hezonja\hezonma01,2016-17,21,ORL,NBA,65,14.8,.450,2,960,117,330,74,186,43,144,40,50,20,126,146,62,30,14,58,74,317,.355,.398,.299,.420,.800
300,Wesley Johnson\johnswe01,2016-17,29,LAC,NBA,68,11.9,.448,3,810,73,200,44,82,29,118,11,17,26,155,181,23,29,30,18,83,186,.365,.537,.246,.438,.647
301,Stanley Johnson\johnsst04,2016-17,20,DET,NBA,77,17.8,.436,1,1371,129,365,84,211,45,154,36,53,36,153,189,105,56,24,71,121,339,.353,.398,.292,.415,.679
302,Kris Dunn\dunnkr01,2016-17,22,MIN,NBA,78,17.1,.432,7,1333,118,313,97,240,21,73,36,59,24,142,166,188,78,36,89,178,293,.377,.404,.288,.411,.610
303,Semaj Christon\chrisse01,2016-17,24,OKC,NBA,64,15.2,.387,1,973,77,223,65,160,12,63,17,31,19,69,88,130,28,6,43,79,183,.345,.406,.190,.372,.548
